time;xpos;zpos
0;-13,19;0
0;-13,19;0
0,02;-13,19;0
0,0354825;-13,19;0
0,05052745;-13,19;0
0,06602333;-13,19;0
0,08074;-13,19;0
0,09591463;-13,19;0
0,1107976;-13,19;0
0,1251707;-13,19;0
0,1402311;-13,19;0
0,1543561;-13,19;0
0,1686527;-13,19;0
0,1828802;-13,19;0
0,1970394;-13,19;0
0,2112704;-13,19;0
0,2251257;-13,19;0
0,2390522;-13,19;0
0,2533347;-13,19;0
0,2675182;-13,19;0
0,2813543;-13,19;0
0,2954584;-13,19;0
0,3095665;-13,19;0
0,3234915;-13,19;0
0,3373992;-13,19;0
0,3515273;-13,19;0
0,3654277;-13,19;0
0,3790664;-13,19;0
0,3930198;-13,19;0
0,4070307;-13,19;0
0,4207848;-13,19;0
0,4349265;-13,19;0
0,4490135;-13,19;0
0,4626051;-13,19;0
0,4766332;-13,19;0
0,490602;-13,19;0
0,5044253;-13,19;0
0,5179985;-13,19;0
0,5322981;-13,19;0
0,5462683;-13,19;0
0,5596799;-13,19;0
0,573983;-13,19;0
0,5879099;-13,19;0
0,6016008;-13,19;0
0,6157557;-13,19;0
0,6299561;-13,19;0
0,6435821;-13,19;0
0,6574568;-13,19;0
0,6715382;-13,19;0
0,6854847;-13,19;0
0,6991062;-13,19;0
0,7134098;-13,19;0
0,7272944;-13,19;0
0,740986;-13,19;0
0,7550179;-13,19;0
0,7690797;-13,19;0
0,7828337;-13,19;0
0,7969003;-13,19;0
0,8109965;-13,19;0
0,8246747;-13,19;0
0,8383517;-13,19;0
0,8525462;-13,19;0
0,8666168;-13,19;0
0,8802252;-13,19;0
0,8945021;-13,19;0
0,9084682;-13,19;0
0,9220943;-13,19;0
0,9362021;-13,19;0
0,9501601;-13,19;0
0,9638457;-13,19;0
0,9781598;-13,19;0
0,9918416;-13,19;0
1,005713;-13,19;0
1,019429;-13,19;0
1,033706;-13,19;0
1,047806;-13,19;0
1,061371;-13,19;0
1,075471;-13,19;0
1,089391;-13,19;0
1,103001;-13,19;0
1,117299;-13,19;0
1,131283;-13,19;0
1,145119;-13,19;0
1,158668;-13,19;0
1,17296;-13,19;0
1,186907;-13,19;0
1,200505;-13,19;0
1,214725;-13,19;0
1,228694;-13,19;0
1,242379;-13,19;0
1,256512;-13,19;0
1,270441;-13,19;0
1,284117;-13,19;0
1,29846;-13,19;0
1,312585;-13,19;0
1,326121;-13,19;0
1,339822;-13,19;0
1,354006;-13,19;0
1,367943;-13,19;0
1,381767;-13,19;0
1,39586;-13,19;0
1,409909;-13,19;0
1,423439;-13,19;0
1,437631;-13,19;0
1,451594;-13,19;0
1,465428;-13,19;0
1,479319;-13,19;0
1,493269;-13,19;0
1,507162;-13,19;0
1,520849;-13,19;0
1,535037;-13,19;0
1,549033;-13,19;0
1,562837;-13,19;0
1,577031;-13,19;0
1,590855;-13,19;0
1,604772;-13,19;0
1,6184;-13,19;0
1,632686;-13,19;0
1,64668;-13,19;0
1,660036;-13,19;0
1,674316;-13,19;0
1,68836;-13,19;0
1,702094;-13,19;0
1,716186;-13,19;0
1,730208;-13,19;0
1,743983;-13,19;0
1,758005;-13,19;0
1,772069;-13,19;0
1,785784;-13,19;0
1,7995;-13,19;0
1,827354;-13,19;0
1,829541;-16,66828;-2,27527
1,84405;-16,66828;-2,27527
1,851604;-16,66828;-2,27527
1,865452;-16,66828;-2,27527
1,879252;-16,66828;-2,27527
1,894008;-16,66828;-2,27527
1,908365;-16,66828;-2,27527
1,922647;-16,66828;-2,27527
1,937428;-16,66828;-2,27527
1,951669;-16,66828;-2,27527
1,965971;-16,66828;-2,27527
1,979931;-16,66828;-2,27527
1,99441;-16,66828;-2,27527
2,008459;-16,66828;-2,27527
2,022378;-16,66828;-2,27527
2,03655;-16,66828;-2,27527
2,050697;-16,66828;-2,27527
2,064755;-16,66828;-2,27527
2,078444;-16,66828;-2,27527
2,09252;-16,66828;-2,27527
2,106344;-16,66828;-2,27527
2,120022;-16,66828;-2,27527
2,134225;-16,66828;-2,27527
2,148128;-16,66828;-2,27527
2,161655;-16,66828;-2,27527
2,175634;-16,66828;-2,27527
2,189596;-16,66828;-2,27527
2,203222;-16,66828;-2,27527
2,217317;-16,66828;-2,27527
2,231449;-16,66828;-2,27527
2,245182;-16,66828;-2,27527
2,258801;-16,66828;-2,27527
2,273021;-16,66828;-2,27527
2,287161;-16,66828;-2,27527
2,300696;-16,66828;-2,27527
2,314974;-16,66828;-2,27527
2,328732;-16,66828;-2,27527
2,342449;-16,66828;-2,27527
2,356629;-16,66828;-2,27527
2,37059;-16,66828;-2,27527
2,384492;-16,66828;-2,27527
2,398196;-16,66828;-2,27527
2,412429;-16,66828;-2,27527
2,426177;-16,66828;-2,27527
2,439808;-16,66828;-2,27527
2,454053;-16,66828;-2,27527
2,467977;-16,66828;-2,27527
2,481885;-16,66828;-2,27527
2,495813;-16,66828;-2,27527
2,509778;-16,66828;-2,27527
2,523308;-16,66828;-2,27527
2,537518;-16,66828;-2,27527
2,551517;-16,66828;-2,27527
2,565455;-16,66828;-2,27527
2,579251;-16,66828;-2,27527
2,593174;-16,66828;-2,27527
2,607177;-16,66828;-2,27527
2,620945;-16,66828;-2,27527
2,635079;-16,66828;-2,27527
2,649179;-16,66828;-2,27527
2,662686;-16,66828;-2,27527
2,676946;-16,66828;-2,27527
2,690786;-16,66828;-2,27527
2,704672;-16,66828;-2,27527
2,718345;-16,66828;-2,27527
2,747921;-16,66828;-2,27527
2,760553;-16,66828;-2,27527
2,770073;-16,66828;-2,27527
2,783988;-16,66828;-2,27527
2,798516;-16,66828;-2,27527
2,81296;-16,66828;-2,27527
2,827347;-16,66828;-2,27527
2,841434;-16,66828;-2,27527
2,855834;-16,66828;-2,27527
2,869795;-16,66828;-2,27527
2,883508;-16,66828;-2,27527
2,898111;-16,66828;-2,27527
2,912255;-16,66828;-2,27527
2,926146;-16,66828;-2,27527
2,93977;-16,66828;-2,27527
2,953974;-16,66828;-2,27527
2,967791;-16,66828;-2,27527
2,98146;-16,66828;-2,27527
2,995581;-16,66828;-2,27527
3,009624;-16,66828;-2,27527
3,023285;-16,66828;-2,27527
3,037163;-16,66828;-2,27527
3,051283;-16,66828;-2,27527
3,065133;-16,66828;-2,27527
3,078599;-16,66828;-2,27527
3,09265;-16,66828;-2,27527
3,106564;-16,66828;-2,27527
3,11998;-16,66828;-2,27527
3,133924;-16,66828;-2,27527
3,147774;-16,66828;-2,27527
3,16142;-16,66828;-2,27527
3,175413;-16,66828;-2,27527
3,189457;-16,66828;-2,27527
3,202869;-16,66828;-2,27527
3,216972;-16,66828;-2,27527
3,230925;-16,66828;-2,27527
3,244651;-16,66828;-2,27527
3,258018;-16,66828;-2,27527
3,272189;-16,66828;-2,27527
3,285914;-16,66828;-2,27527
3,299479;-16,66828;-2,27527
3,313488;-16,66828;-2,27527
3,327821;-16,66828;-2,27527
3,341;-16,66828;-2,27527
3,355049;-16,66828;-2,27527
3,368577;-16,66828;-2,27527
3,382503;-16,66828;-2,27527
3,396498;-16,66828;-2,27527
3,410474;-16,66828;-2,27527
3,424008;-16,66828;-2,27527
3,437974;-16,66828;-2,27527
3,452166;-16,66828;-2,27527
3,465571;-16,66828;-2,27527
3,479234;-16,66828;-2,27527
3,493346;-16,66828;-2,27527
3,507276;-16,66828;-2,27527
3,520642;-16,66828;-2,27527
3,534779;-16,66828;-2,27527
3,5491;-16,66828;-2,27527
3,562568;-16,66828;-2,27527
3,57664;-16,66828;-2,27527
3,590486;-16,66828;-2,27527
3,604359;-16,66828;-2,27527
3,618006;-16,66828;-2,27527
3,632392;-16,66828;-2,27527
3,646095;-16,66828;-2,27527
3,65942;-16,66828;-2,27527
3,673773;-16,66828;-2,27527
3,70343;-16,66828;-2,27527
3,716001;-16,66828;-2,27527
3,725983;-16,66828;-2,27527
3,738958;-16,66828;-2,27527
3,753078;-16,66828;-2,27527
3,767539;-16,66828;-2,27527
3,781708;-16,66828;-2,27527
3,796036;-16,66828;-2,27527
3,810737;-16,66828;-2,27527
3,825135;-9,238576;-3,520183
3,838299;-9,238576;-3,520183
3,852792;-9,238576;-3,520183
3,866826;-9,238576;-3,520183
3,879689;-9,238576;-3,520183
3,893327;-9,238576;-3,520183
3,9063;-9,238576;-3,520183
3,919417;-9,238576;-3,520183
3,949774;-9,238576;-3,520183
3,957552;-9,238576;-3,520183
3,975219;-9,238576;-3,520183
3,98898;-9,238576;-3,520183
4,003023;-9,238576;-3,520183
4,016876;-9,238576;-3,520183
4,03097;-9,238576;-3,520183
4,058995;-9,238576;-3,520183
4,072727;-9,238576;-3,520183
4,086596;-9,238576;-3,520183
4,100447;-9,238576;-3,520183
4,114484;-9,238576;-3,520183
4,128246;-9,238576;-3,520183
4,142354;-9,238576;-3,520183
4,156458;-9,238576;-3,520183
4,184184;-9,238576;-3,520183
4,198086;-9,238576;-3,520183
4,211967;-9,238576;-3,520183
4,233333;-9,238576;-3,520183
4,240063;-9,238576;-3,520183
4,254605;-9,238576;-3,520183
4,281617;-9,238576;-3,520183
4,29539;-9,238576;-3,520183
4,314671;-9,238576;-3,520183
4,323189;-9,238576;-3,520183
4,33709;-9,238576;-3,520183
4,351081;-9,238576;-3,520183
4,365754;-9,238576;-3,520183
4,380007;-9,238576;-3,520183
4,407;-9,238576;-3,520183
4,420394;-9,238576;-3,520183
4,434369;-9,238576;-3,520183
4,448243;-9,238576;-3,520183
4,46244;-9,238576;-3,520183
4,475977;-9,238576;-3,520183
4,489934;-9,238576;-3,520183
4,503762;-9,238576;-3,520183
4,517617;-9,238576;-3,520183
4,531624;-9,238576;-3,520183
4,545473;-9,238576;-3,520183
4,559121;-9,238576;-3,520183
4,573039;-9,238576;-3,520183
4,586951;-9,238576;-3,520183
4,600912;-9,238576;-3,520183
4,614847;-9,238576;-3,520183
4,628541;-9,238576;-3,520183
4,642496;-9,238576;-3,520183
4,656942;-9,238576;-3,520183
4,671776;-9,238576;-3,520183
4,686625;-9,238576;-3,520183
4,70115;-9,238576;-3,520183
4,716551;-9,238576;-3,520183
4,731794;-9,238576;-3,520183
4,745611;-9,238576;-3,520183
4,773727;-9,238576;-3,520183
4,776106;-9,238576;-3,520183
4,788276;-9,238576;-3,520183
4,799494;-9,238576;-3,520183
4,814193;-9,238576;-3,520183
4,828628;-9,238576;-3,520183
4,843096;-9,238576;-3,520183
4,857836;-9,238576;-3,520183
4,872302;-9,238576;-3,520183
4,886739;-9,238576;-3,520183
4,900882;-9,238576;-3,520183
4,915515;-9,238576;-3,520183
4,929577;-9,238576;-3,520183
4,943632;-9,238576;-3,520183
4,959218;-9,238576;-3,520183
4,971792;-9,238576;-3,520183
4,985745;-9,238576;-3,520183
4,999421;-9,238576;-3,520183
5,013681;-9,238576;-3,520183
5,027684;-9,238576;-3,520183
5,041535;-9,238576;-3,520183
5,05578;-9,238576;-3,520183
5,069973;-9,238576;-3,520183
5,083682;-9,238576;-3,520183
5,098011;-9,238576;-3,520183
5,112125;-9,238576;-3,520183
5,125875;-9,238576;-3,520183
5,139586;-9,238576;-3,520183
5,153858;-9,238576;-3,520183
5,167777;-16,86411;-6,902126
5,181541;-16,86411;-6,902126
5,195551;-16,86411;-6,902126
5,209815;-16,86411;-6,902126
5,223686;-16,86411;-6,902126
5,238281;-16,86411;-6,902126
5,252603;-16,86411;-6,902126
5,266701;-16,86411;-6,902126
5,280648;-16,86411;-6,902126
5,294856;-16,86411;-6,902126
5,309016;-16,86411;-6,902126
5,322733;-16,86411;-6,902126
5,337028;-16,86411;-6,902126
5,351107;-16,86411;-6,902126
5,365166;-16,86411;-6,902126
5,378993;-16,86411;-6,902126
5,393273;-16,86411;-6,902126
5,407294;-16,86411;-6,902126
5,421034;-16,86411;-6,902126
5,435307;-16,86411;-6,902126
5,449378;-16,86411;-6,902126
5,463227;-16,86411;-6,902126
5,477402;-16,86411;-6,902126
5,491458;-16,86411;-6,902126
5,505522;-16,86411;-6,902126
5,519166;-16,86411;-6,902126
5,533206;-16,86411;-6,902126
5,547344;-16,86411;-6,902126
5,560729;-16,86411;-6,902126
5,574955;-16,86411;-6,902126
5,588859;-16,86411;-6,902126
5,602617;-16,86411;-6,902126
5,616855;-16,86411;-6,902126
5,630848;-16,86411;-6,902126
5,644751;-16,86411;-6,902126
5,658235;-16,86411;-6,902126
5,672416;-16,86411;-6,902126
5,686466;-16,86411;-6,902126
5,699997;-16,86411;-6,902126
5,714217;-16,86411;-6,902126
5,728113;-16,86411;-6,902126
5,741675;-16,86411;-6,902126
5,755697;-16,86411;-6,902126
5,769734;-16,86411;-6,902126
5,783379;-16,86411;-6,902126
5,797451;-16,86411;-6,902126
5,811452;-16,86411;-6,902126
5,825084;-16,86411;-6,902126
5,838604;-16,86411;-6,902126
5,852932;-16,86411;-6,902126
5,866999;-16,86411;-6,902126
5,880568;-16,86411;-6,902126
5,894938;-16,86411;-6,902126
5,908778;-16,86411;-6,902126
5,922506;-16,86411;-6,902126
5,936337;-16,86411;-6,902126
5,950497;-16,86411;-6,902126
5,964261;-16,86411;-6,902126
5,977988;-16,86411;-6,902126
5,991978;-16,86411;-6,902126
6,00579;-16,86411;-6,902126
6,019412;-16,86411;-6,902126
6,033508;-16,86411;-6,902126
6,047523;-16,86411;-6,902126
6,06094;-16,86411;-6,902126
6,075046;-16,86411;-6,902126
6,088777;-16,86411;-6,902126
6,102448;-16,86411;-6,902126
6,116439;-16,86411;-6,902126
6,130512;-16,86411;-6,902126
6,144151;-16,86411;-6,902126
6,157671;-16,86411;-6,902126
6,171807;-16,86411;-6,902126
6,185529;-16,86411;-6,902126
6,199118;-16,86411;-6,902126
6,213284;-16,86411;-6,902126
6,227084;-16,86411;-6,902126
6,240708;-16,86411;-6,902126
6,254838;-16,86411;-6,902126
6,268711;-16,86411;-6,902126
6,282833;-16,86411;-6,902126
6,296524;-16,86411;-6,902126
6,310457;-16,86411;-6,902126
6,323963;-16,86411;-6,902126
6,33807;-16,86411;-6,902126
6,352342;-16,86411;-6,902126
6,366066;-16,86411;-6,902126
6,379627;-16,86411;-6,902126
6,393756;-16,86411;-6,902126
6,40768;-16,86411;-6,902126
6,421266;-16,86411;-6,902126
6,435418;-16,86411;-6,902126
6,463581;-16,86411;-6,902126
6,465985;-16,86411;-6,902126
6,480803;-16,86411;-6,902126
6,487651;-16,83852;0,3783416
6,500807;-16,83852;0,3783416
6,51549;-16,83852;0,3783416
6,529849;-16,83852;0,3783416
6,544042;-16,83852;0,3783416
6,5586;-16,83852;0,3783416
6,5731;-16,83852;0,3783416
6,587344;-16,83852;0,3783416
6,601177;-16,83852;0,3783416
6,615819;-16,83852;0,3783416
6,629962;-16,83852;0,3783416
6,643636;-16,83852;0,3783416
6,657974;-16,83852;0,3783416
6,672141;-16,83852;0,3783416
6,686163;-16,83852;0,3783416
6,699906;-16,83852;0,3783416
6,713927;-16,83852;0,3783416
6,727978;-16,83852;0,3783416
6,742;-16,83852;0,3783416
6,75588;-16,83852;0,3783416
6,769818;-16,83852;0,3783416
6,783547;-16,83852;0,3783416
6,797805;-16,83852;0,3783416
6,811926;-16,83852;0,3783416
6,825765;-16,83852;0,3783416
6,839338;-16,83852;0,3783416
6,853621;-16,83852;0,3783416
6,867702;-16,83852;0,3783416
6,881232;-16,83852;0,3783416
6,895557;-16,83852;0,3783416
6,90939;-16,83852;0,3783416
6,922874;-16,83852;0,3783416
6,937023;-16,83852;0,3783416
6,951282;-16,83852;0,3783416
6,965117;-16,83852;0,3783416
6,979023;-16,83852;0,3783416
6,992994;-16,83852;0,3783416
7,007023;-16,83852;0,3783416
7,020484;-16,83852;0,3783416
7,034672;-16,83852;0,3783416
7,048797;-16,83852;0,3783416
7,062499;-16,83852;0,3783416
7,076647;-16,83852;0,3783416
7,090603;-16,83852;0,3783416
7,104585;-16,83852;0,3783416
7,118261;-16,83852;0,3783416
7,132342;-16,83852;0,3783416
7,146319;-16,83852;0,3783416
7,159883;-16,83852;0,3783416
7,174131;-16,83852;0,3783416
7,188168;-16,83852;0,3783416
7,202075;-16,83852;0,3783416
7,216163;-16,83852;0,3783416
7,230212;-16,83852;0,3783416
7,243968;-16,83852;0,3783416
7,258012;-16,83852;0,3783416
7,27214;-16,83852;0,3783416
7,286255;-16,83852;0,3783416
7,299949;-16,83852;0,3783416
7,314352;-16,83852;0,3783416
7,328119;-16,83852;0,3783416
7,342123;-16,83852;0,3783416
7,356231;-16,83852;0,3783416
7,370133;-16,83852;0,3783416
7,383897;-16,83852;0,3783416
7,39808;-16,83852;0,3783416
7,412592;-16,83852;0,3783416
7,425999;-16,83852;0,3783416
7,439531;-16,83852;0,3783416
7,453666;-16,83852;0,3783416
7,467563;-16,83852;0,3783416
7,48127;-16,83852;0,3783416
7,495296;-16,83852;0,3783416
7,509152;-16,83852;0,3783416
7,522991;-16,83852;0,3783416
7,536976;-16,83852;0,3783416
7,55093;-16,83852;0,3783416
7,564776;-16,83852;0,3783416
7,57838;-16,83852;0,3783416
7,59239;-16,83852;0,3783416
7,606232;-16,83852;0,3783416
7,61989;-16,83852;0,3783416
7,633773;-16,83852;0,3783416
7,647355;-16,83852;0,3783416
7,66071;-16,83852;0,3783416
7,674657;-16,83852;0,3783416
7,688223;-16,83852;0,3783416
7,701725;-16,83852;0,3783416
7,71561;-16,83852;0,3783416
7,729164;-16,83852;0,3783416
7,742728;-16,83852;0,3783416
7,756609;-16,83852;0,3783416
7,770529;-16,83852;0,3783416
7,784303;-16,83852;0,3783416
7,797635;-16,83852;0,3783416
7,811502;-16,83852;0,3783416
7,825298;-16,83852;0,3783416
7,838348;-16,83852;0,3783416
7,852431;-16,83852;0,3783416
7,866391;-16,83852;0,3783416
7,879745;-16,83852;0,3783416
7,893778;-16,83852;0,3783416
7,907486;-16,83852;0,3783416
7,921083;-16,83852;0,3783416
7,95145;-16,83852;0,3783416
7,963472;-16,83852;0,3783416
7,976932;-16,83852;0,3783416
7,987217;-16,83852;0,3783416
7,999444;-16,83852;0,3783416
8,014388;-16,83852;0,3783416
8,028714;-16,83852;0,3783416
8,042724;-16,83852;0,3783416
8,057499;-16,83852;0,3783416
8,07212;-16,83852;0,3783416
8,086035;-16,83852;0,3783416
8,100024;-16,83852;0,3783416
8,114548;-16,83852;0,3783416
8,128683;-16,83852;0,3783416
8,14256;-16,83852;0,3783416
8,156482;-16,83852;0,3783416
8,170519;-16,83852;0,3783416
8,184573;-16,83852;0,3783416
8,198647;-16,83852;0,3783416
8,212576;-16,83852;0,3783416
8,226366;-16,83852;0,3783416
8,239815;-16,83852;0,3783416
8,25406;-16,83852;0,3783416
8,268181;-16,83852;0,3783416
8,282146;-16,83852;0,3783416
8,296461;-16,83852;0,3783416
8,31014;-16,83852;0,3783416
8,323788;-16,83852;0,3783416
8,337816;-16,83852;0,3783416
8,351967;-16,83852;0,3783416
8,366082;-16,83852;0,3783416
8,379462;-16,83852;0,3783416
8,393797;-16,83852;0,3783416
8,407446;-16,83852;0,3783416
8,42121;-16,83852;0,3783416
8,435493;-16,83852;0,3783416
8,449594;-16,83852;0,3783416
8,463222;-16,83852;0,3783416
8,477656;-16,83852;0,3783416
8,491001;-16,83852;0,3783416
8,505097;-16,83852;0,3783416
8,518647;-16,83852;0,3783416
8,533037;-16,83852;0,3783416
8,547608;-16,83852;0,3783416
8,577311;-16,83852;0,3783416
8,589446;-16,83852;0,3783416
8,602977;-16,83852;0,3783416
8,613262;-16,83852;0,3783416
8,62588;-16,83852;0,3783416
8,640376;-16,83852;0,3783416
8,654961;-16,83852;0,3783416
8,669313;-16,83852;0,3783416
8,684134;-16,83852;0,3783416
8,69811;-16,83852;0,3783416
8,712643;-16,83852;0,3783416
8,726892;-16,83852;0,3783416
8,740595;-16,83852;0,3783416
8,755431;-16,83852;0,3783416
8,769594;-16,83852;0,3783416
8,782986;-16,83852;0,3783416
8,798107;-16,83852;0,3783416
8,811678;-16,83852;0,3783416
8,825239;-16,83852;0,3783416
8,838922;-16,83852;0,3783416
8,853177;-16,83852;0,3783416
8,86732;-16,83852;0,3783416
8,880822;-16,83852;0,3783416
8,895373;-16,83852;0,3783416
8,908944;-16,83852;0,3783416
8,923304;-16,83852;0,3783416
8,936602;-16,83852;0,3783416
8,951078;-16,83852;0,3783416
8,965208;-9,590804;-5,467416
8,97767;-9,590804;-5,467416
8,992072;-9,590804;-5,467416
9,005454;-9,590804;-5,467416
9,019118;-9,590804;-5,467416
9,033126;-9,590804;-5,467416
9,047482;-9,590804;-5,467416
9,060511;-9,590804;-5,467416
9,074723;-9,590804;-5,467416
9,088353;-9,590804;-5,467416
9,10225;-9,590804;-5,467416
9,116186;-9,590804;-5,467416
9,130167;-9,590804;-5,467416
9,143737;-9,590804;-5,467416
9,157884;-9,590804;-5,467416
9,171839;-9,590804;-5,467416
9,185558;-9,590804;-5,467416
9,199209;-9,590804;-5,467416
9,213704;-9,590804;-5,467416
9,227827;-9,590804;-5,467416
9,241199;-9,590804;-5,467416
9,255611;-9,590804;-5,467416
9,269388;-9,590804;-5,467416
9,284019;-9,590804;-5,467416
9,297342;-9,590804;-5,467416
9,311456;-9,590804;-5,467416
9,326591;-9,590804;-5,467416
9,338799;-9,590804;-5,467416
9,352983;-9,590804;-5,467416
9,366435;-9,590804;-5,467416
9,380127;-9,590804;-5,467416
9,394361;-9,590804;-5,467416
9,408221;-9,590804;-5,467416
9,421856;-9,590804;-5,467416
9,435946;-9,590804;-5,467416
9,449941;-9,590804;-5,467416
9,46369;-9,590804;-5,467416
9,477624;-9,590804;-5,467416
9,491732;-9,590804;-5,467416
9,505335;-9,590804;-5,467416
9,518773;-9,590804;-5,467416
9,53293;-9,590804;-5,467416
9,546658;-9,590804;-5,467416
9,559813;-9,590804;-5,467416
9,582307;-9,590804;-5,467416
9,587721;-9,590804;-5,467416
9,616765;-9,590804;-5,467416
9,628015;-9,590804;-5,467416
9,642156;-9,590804;-5,467416
9,665476;-9,590804;-5,467416
9,67;-9,590804;-5,467416
9,698236;-9,590804;-5,467416
9,711947;-9,590804;-5,467416
9,725822;-9,590804;-5,467416
9,748946;-9,590804;-5,467416
9,757083;-9,590804;-5,467416
9,781634;-9,590804;-5,467416
9,795477;-9,590804;-5,467416
9,809251;-9,590804;-5,467416
9,823326;-9,590804;-5,467416
9,838529;-9,590804;-5,467416
9,86515;-9,590804;-5,467416
9,879076;-9,590804;-5,467416
9,892838;-9,590804;-5,467416
9,916727;-9,590804;-5,467416
9,922081;-9,590804;-5,467416
9,9538;-9,590804;-5,467416
9,963037;-9,590804;-5,467416
9,976851;-9,590804;-5,467416
10,00575;-9,590804;-5,467416
10,01851;-9,590804;-5,467416
10,03224;-9,590804;-5,467416
10,04609;-9,590804;-5,467416
10,05993;-9,590804;-5,467416
10,08931;-9,590804;-5,467416
10,10197;-9,590804;-5,467416
10,11586;-9,590804;-5,467416
10,12986;-9,590804;-5,467416
10,14374;-9,590804;-5,467416
10,17187;-9,590804;-5,467416
10,18543;-9,590804;-5,467416
10,20494;-9,590804;-5,467416
10,21349;-9,590804;-5,467416
10,22875;-9,590804;-5,467416
10,25507;-9,590804;-5,467416
10,26913;-9,590804;-5,467416
10,28355;-9,590804;-5,467416
10,29685;-9,590804;-5,467416
10,31138;-9,590804;-5,467416
10,3273;-9,590804;-5,467416
10,35264;-9,590804;-5,467416
10,36641;-9,590804;-5,467416
10,38066;-9,590804;-5,467416
10,3948;-9,590804;-5,467416
10,4113;-9,590804;-5,467416
10,43612;-9,590804;-5,467416
10,45011;-9,590804;-5,467416
10,46392;-9,590804;-5,467416
10,47836;-9,590804;-5,467416
10,50407;-9,590804;-5,467416
10,51952;-9,590804;-5,467416
10,53335;-9,590804;-5,467416
10,54751;-9,590804;-5,467416
10,56115;-9,590804;-5,467416
10,57562;-9,590804;-5,467416
10,60312;-9,590804;-5,467416
10,61698;-9,590804;-5,467416
10,63078;-9,590804;-5,467416
10,6448;-9,590804;-5,467416
10,66984;-9,590804;-5,467416
10,67473;-9,590804;-5,467416
10,70012;-9,590804;-5,467416
10,71411;-9,590804;-5,467416
10,7283;-9,590804;-5,467416
10,74884;-9,590804;-5,467416
10,75569;-9,590804;-5,467416
10,76998;-9,590804;-5,467416
10,78457;-9,590804;-5,467416
10,81155;-9,590804;-5,467416
10,82594;-9,590804;-5,467416
10,83911;-9,590804;-5,467416
10,85303;-9,590804;-5,467416
10,86684;-9,590804;-5,467416
10,88101;-9,590804;-5,467416
10,89462;-9,590804;-5,467416
10,90856;-9,590804;-5,467416
10,92264;-9,590804;-5,467416
10,9363;-9,590804;-5,467416
10,95035;-9,590804;-5,467416
10,96438;-9,590804;-5,467416
10,97823;-9,590804;-5,467416
10,99202;-9,590804;-5,467416
11,00608;-9,590804;-5,467416
11,01985;-9,590804;-5,467416
11,0338;-9,590804;-5,467416
11,04776;-9,590804;-5,467416
11,0616;-9,590804;-5,467416
11,07549;-9,590804;-5,467416
11,08948;-9,590804;-5,467416
11,10339;-9,590804;-5,467416
11,11737;-9,590804;-5,467416
11,13149;-9,590804;-5,467416
11,14521;-9,590804;-5,467416
11,15904;-9,590804;-5,467416
11,17305;-9,590804;-5,467416
11,18695;-9,590804;-5,467416
11,20083;-9,590804;-5,467416
11,21486;-9,590804;-5,467416
11,22864;-9,590804;-5,467416
11,24259;-9,590804;-5,467416
11,25645;-9,590804;-5,467416
11,27048;-9,590804;-5,467416
11,28437;-9,590804;-5,467416
11,29828;-9,590804;-5,467416
11,31228;-9,590804;-5,467416
11,32602;-9,590804;-5,467416
11,34005;-9,590804;-5,467416
11,354;-9,590804;-5,467416
11,36782;-9,590804;-5,467416
11,38195;-9,590804;-5,467416
11,39573;-9,590804;-5,467416
11,40958;-9,590804;-5,467416
11,42349;-9,590804;-5,467416
11,43757;-9,590804;-5,467416
11,45143;-9,590804;-5,467416
11,46832;-9,590804;-5,467416
11,47945;-9,590804;-5,467416
11,49307;-9,590804;-5,467416
11,50714;-9,590804;-5,467416
11,52116;-9,590804;-5,467416
11,53508;-9,590804;-5,467416
11,54905;-9,590804;-5,467416
11,56296;-9,590804;-5,467416
11,57684;-9,590804;-5,467416
11,59064;-9,590804;-5,467416
11,60485;-9,590804;-5,467416
11,61861;-9,590804;-5,467416
11,6325;-9,590804;-5,467416
11,64655;-9,590804;-5,467416
11,66022;-9,590804;-5,467416
11,67422;-9,590804;-5,467416
11,68824;-9,590804;-5,467416
11,70218;-9,590804;-5,467416
11,71619;-9,590804;-5,467416
11,7299;-9,590804;-5,467416
11,74382;-9,590804;-5,467416
11,75772;-9,590804;-5,467416
11,7719;-9,590804;-5,467416
11,78567;-9,590804;-5,467416
11,79961;-9,590804;-5,467416
11,81393;-9,590804;-5,467416
11,82722;-9,590804;-5,467416
11,8413;-9,590804;-5,467416
11,85524;-9,590804;-5,467416
11,86911;-9,590804;-5,467416
11,88321;-9,590804;-5,467416
11,89704;-9,590804;-5,467416
11,91101;-9,590804;-5,467416
11,92482;-9,590804;-5,467416
11,93883;-9,590804;-5,467416
11,95267;-9,590804;-5,467416
11,9666;-9,590804;-5,467416
11,98054;-9,590804;-5,467416
11,99441;-9,590804;-5,467416
12,00847;-9,590804;-5,467416
12,02239;-9,590804;-5,467416
12,03618;-9,590804;-5,467416
12,05017;-9,590804;-5,467416
12,06411;-9,590804;-5,467416
12,07806;-9,590804;-5,467416
12,09186;-9,590804;-5,467416
12,10593;-9,590804;-5,467416
12,11982;-9,590804;-5,467416
12,13375;-9,590804;-5,467416
12,14766;-9,590804;-5,467416
12,16144;-9,590804;-5,467416
12,17543;-9,590804;-5,467416
12,18945;-9,590804;-5,467416
12,20326;-9,590804;-5,467416
12,21719;-9,590804;-5,467416
12,23125;-9,590804;-5,467416
12,24506;-9,590804;-5,467416
12,25884;-9,590804;-5,467416
12,27291;-9,590804;-5,467416
12,28679;-9,590804;-5,467416
12,30081;-9,590804;-5,467416
12,31966;-9,590804;-5,467416
12,32896;-9,590804;-5,467416
12,3425;-9,590804;-5,467416
12,3564;-9,590804;-5,467416
12,37038;-9,590804;-5,467416
12,38425;-9,590804;-5,467416
12,39835;-9,590804;-5,467416
12,41226;-9,590804;-5,467416
12,4262;-9,590804;-5,467416
12,44004;-9,590804;-5,467416
12,45376;-9,590804;-5,467416
12,4677;-9,590804;-5,467416
12,48191;-9,590804;-5,467416
12,49531;-9,590804;-5,467416
12,50926;-9,590804;-5,467416
12,52326;-9,590804;-5,467416
12,53736;-9,590804;-5,467416
12,55207;-9,590804;-5,467416
12,56675;-9,590804;-5,467416
12,58121;-9,590804;-5,467416
12,59625;-9,590804;-5,467416
12,61098;-9,590804;-5,467416
12,62523;-9,590804;-5,467416
12,63948;-9,590804;-5,467416
12,65387;-9,590804;-5,467416
12,66839;-9,590804;-5,467416
12,68201;-9,590804;-5,467416
12,6964;-9,590804;-5,467416
12,71056;-9,590804;-5,467416
12,72463;-9,590804;-5,467416
12,73833;-9,590804;-5,467416
12,75493;-9,590804;-5,467416
12,76682;-9,590804;-5,467416
12,7801;-9,590804;-5,467416
12,79466;-9,590804;-5,467416
12,80852;-9,590804;-5,467416
12,82246;-9,590804;-5,467416
12,8368;-9,590804;-5,467416
12,8508;-9,590804;-5,467416
12,88001;-9,590804;-5,467416
12,88243;-9,590804;-5,467416
12,89924;-9,590804;-5,467416
12,90282;-9,590804;-5,467416
12,9167;-9,590804;-5,467416
12,93084;-9,590804;-5,467416
12,9452;-9,590804;-5,467416
12,95942;-9,590804;-5,467416
12,9743;-9,590804;-5,467416
12,98844;-9,590804;-5,467416
13,00275;-9,590804;-5,467416
13,01725;-9,590804;-5,467416
13,03186;-9,590804;-5,467416
13,04603;-9,590804;-5,467416
13,05964;-9,590804;-5,467416
13,07407;-9,590804;-5,467416
13,08827;-9,590804;-5,467416
13,10218;-9,590804;-5,467416
13,11647;-9,590804;-5,467416
13,13074;-9,590804;-5,467416
13,14465;-9,590804;-5,467416
13,1582;-9,590804;-5,467416
13,17253;-9,590804;-5,467416
13,18649;-9,590804;-5,467416
13,20016;-9,590804;-5,467416
13,21459;-9,590804;-5,467416
13,22849;-9,590804;-5,467416
13,24231;-9,590804;-5,467416
13,2564;-9,590804;-5,467416
13,27048;-9,590804;-5,467416
13,28426;-9,590804;-5,467416
13,29862;-9,590804;-5,467416
13,31276;-9,590804;-5,467416
13,32645;-9,590804;-5,467416
13,34018;-9,590804;-5,467416
13,35452;-9,590804;-5,467416
13,36856;-9,590804;-5,467416
13,3824;-9,590804;-5,467416
13,3966;-9,590804;-5,467416
13,41056;-9,590804;-5,467416
13,42447;-9,590804;-5,467416
13,43813;-9,590804;-5,467416
13,45238;-9,590804;-5,467416
13,47999;-9,590804;-5,467416
13,48213;-9,590804;-5,467416
13,49798;-9,590804;-5,467416
13,50474;-9,590804;-5,467416
13,51836;-9,590804;-5,467416
13,53285;-9,590804;-5,467416
13,54742;-9,590804;-5,467416
13,56157;-9,590804;-5,467416
13,57606;-9,590804;-5,467416
13,59031;-9,590804;-5,467416
13,60428;-9,590804;-5,467416
13,61864;-9,590804;-5,467416
13,63293;-9,590804;-5,467416
13,64712;-9,590804;-5,467416
13,66082;-9,590804;-5,467416
13,67527;-9,590804;-5,467416
13,6893;-9,590804;-5,467416
13,70312;-9,590804;-5,467416
13,71754;-9,590804;-5,467416
13,73172;-9,590804;-5,467416
13,7455;-9,590804;-5,467416
13,75911;-9,590804;-5,467416
13,77343;-9,590804;-5,467416
13,78738;-9,590804;-5,467416
13,80119;-9,590804;-5,467416
13,81543;-9,590804;-5,467416
13,82953;-9,590804;-5,467416
13,84327;-9,590804;-5,467416
13,85797;-9,590804;-5,467416
13,87152;-9,590804;-5,467416
13,88551;-9,590804;-5,467416
13,89914;-9,590804;-5,467416
13,91349;-9,590804;-5,467416
13,92746;-9,590804;-5,467416
13,9413;-9,590804;-5,467416
13,95553;-9,590804;-5,467416
13,96949;-9,590804;-5,467416
13,9832;-9,590804;-5,467416
13,99752;-9,590804;-5,467416
14,0117;-9,590804;-5,467416
14,02567;-9,590804;-5,467416
14,03937;-9,590804;-5,467416
14,05393;-9,590804;-5,467416
14,06787;-9,590804;-5,467416
14,08156;-9,590804;-5,467416
14,09592;-9,590804;-5,467416
14,10975;-9,590804;-5,467416
14,12322;-9,590804;-5,467416
14,15327;-9,590804;-5,467416
14,15564;-9,590804;-5,467416
14,16621;-9,590804;-5,467416
14,17419;-9,590804;-5,467416
14,18873;-9,590804;-5,467416
14,20287;-9,590804;-5,467416
14,21778;-9,590804;-5,467416
14,23208;-9,590804;-5,467416
14,24628;-9,590804;-5,467416
14,26016;-9,590804;-5,467416
14,27464;-9,590804;-5,467416
14,28869;-9,590804;-5,467416
14,30262;-9,590804;-5,467416
14,3169;-9,590804;-5,467416
14,33111;-9,590804;-5,467416
14,34511;-9,590804;-5,467416
14,35876;-9,590804;-5,467416
14,37311;-9,590804;-5,467416
14,38727;-9,590804;-5,467416
14,40095;-9,590804;-5,467416
14,41513;-9,590804;-5,467416
14,42906;-9,590804;-5,467416
14,44339;-9,590804;-5,467416
14,45707;-9,590804;-5,467416
14,47122;-9,590804;-5,467416
14,48514;-9,590804;-5,467416
14,49903;-9,590804;-5,467416
14,51334;-9,590804;-5,467416
14,52746;-9,590804;-5,467416
14,54065;-9,590804;-5,467416
14,555;-9,590804;-5,467416
14,56884;-9,590804;-5,467416
14,58257;-9,590804;-5,467416
14,59682;-9,590804;-5,467416
14,61093;-9,590804;-5,467416
14,6246;-9,590804;-5,467416
14,63831;-9,590804;-5,467416
14,65262;-9,590804;-5,467416
14,66656;-9,590804;-5,467416
14,68009;-9,590804;-5,467416
14,69425;-9,590804;-5,467416
14,7083;-9,590804;-5,467416
14,72189;-9,590804;-5,467416
14,73599;-9,590804;-5,467416
14,75005;-9,590804;-5,467416
14,76366;-9,590804;-5,467416
14,7778;-9,590804;-5,467416
14,79178;-9,590804;-5,467416
14,8056;-9,590804;-5,467416
14,81921;-9,590804;-5,467416
14,83332;-9,590804;-5,467416
14,84746;-9,590804;-5,467416
14,8611;-9,590804;-5,467416
14,87536;-9,590804;-5,467416
14,88914;-9,590804;-5,467416
14,90279;-9,590804;-5,467416
14,917;-9,590804;-5,467416
14,93125;-9,590804;-5,467416
14,94502;-9,590804;-5,467416
14,95852;-9,590804;-5,467416
14,97275;-9,590804;-5,467416
14,9868;-9,590804;-5,467416
15,00034;-9,590804;-5,467416
15,0146;-9,590804;-5,467416
15,0285;-9,590804;-5,467416
15,04216;-9,590804;-5,467416
15,05631;-9,590804;-5,467416
15,08577;-9,590804;-5,467416
15,09839;-9,590804;-5,467416
15,10741;-9,590804;-5,467416
15,12158;-9,590804;-5,467416
15,13606;-9,590804;-5,467416
15,15057;-9,590804;-5,467416
15,16488;-9,590804;-5,467416
15,17898;-9,590804;-5,467416
15,19324;-9,590804;-5,467416
15,20748;-9,590804;-5,467416
15,22149;-9,590804;-5,467416
15,23584;-9,590804;-5,467416
15,24995;-9,590804;-5,467416
15,26388;-9,590804;-5,467416
15,2781;-9,590804;-5,467416
15,29206;-9,590804;-5,467416
15,30597;-9,590804;-5,467416
15,31979;-9,590804;-5,467416
15,33422;-9,590804;-5,467416
15,34799;-9,590804;-5,467416
15,36172;-9,590804;-5,467416
15,37583;-9,590804;-5,467416
15,3898;-9,590804;-5,467416
15,40359;-9,590804;-5,467416
15,41784;-9,590804;-5,467416
15,43229;-9,590804;-5,467416
15,4462;-9,590804;-5,467416
15,4596;-9,590804;-5,467416
15,47379;-9,590804;-5,467416
15,48764;-9,590804;-5,467416
15,50127;-9,590804;-5,467416
15,51551;-9,590804;-5,467416
15,52947;-9,590804;-5,467416
15,54323;-9,590804;-5,467416
15,55733;-9,590804;-5,467416
15,57141;-9,590804;-5,467416
15,58532;-9,590804;-5,467416
15,61503;-9,590804;-5,467416
15,6275;-9,590804;-5,467416
15,63613;-9,590804;-5,467416
15,65064;-9,590804;-5,467416
15,66495;-9,590804;-5,467416
15,67913;-9,590804;-5,467416
15,69367;-9,590804;-5,467416
15,70789;-9,590804;-5,467416
15,72196;-9,590804;-5,467416
15,73637;-9,590804;-5,467416
15,75063;-9,590804;-5,467416
15,76485;-9,590804;-5,467416
15,77864;-9,590804;-5,467416
15,7928;-9,590804;-5,467416
15,80691;-9,590804;-5,467416
15,82066;-9,590804;-5,467416
15,83501;-9,590804;-5,467416
15,84914;-9,590804;-5,467416
15,86266;-9,590804;-5,467416
15,87689;-9,590804;-5,467416
15,89099;-9,590804;-5,467416
15,90476;-9,590804;-5,467416
15,91864;-9,590804;-5,467416
15,93288;-9,590804;-5,467416
15,94654;-9,590804;-5,467416
15,96012;-9,590804;-5,467416
15,97442;-9,590804;-5,467416
15,98831;-9,590804;-5,467416
16,00213;-9,590804;-5,467416
16,01622;-9,590804;-5,467416
16,03019;-9,590804;-5,467416
16,04398;-9,590804;-5,467416
16,05803;-9,590804;-5,467416
16,07202;-9,590804;-5,467416
16,08599;-9,590804;-5,467416
16,09965;-9,590804;-5,467416
16,1278;-9,590804;-5,467416
16,13046;-9,590804;-5,467416
16,14335;-9,590804;-5,467416
16,1519;-9,590804;-5,467416
16,16594;-9,590804;-5,467416
16,17994;-9,590804;-5,467416
16,19457;-9,590804;-5,467416
16,20888;-9,590804;-5,467416
16,223;-9,590804;-5,467416
16,23738;-9,590804;-5,467416
16,2516;-9,590804;-5,467416
16,26593;-9,590804;-5,467416
16,27964;-9,590804;-5,467416
16,29409;-9,590804;-5,467416
16,30829;-9,590804;-5,467416
16,32188;-9,590804;-5,467416
16,33598;-9,590804;-5,467416
16,35023;-9,590804;-5,467416
16,36388;-9,590804;-5,467416
16,37814;-9,590804;-5,467416
16,39191;-9,590804;-5,467416
16,40589;-9,590804;-5,467416
16,41944;-9,590804;-5,467416
16,43369;-9,590804;-5,467416
16,44772;-9,590804;-5,467416
16,46137;-9,590804;-5,467416
16,47551;-9,590804;-5,467416
16,48943;-9,590804;-5,467416
16,50305;-9,590804;-5,467416
16,51726;-9,590804;-5,467416
16,53141;-9,590804;-5,467416
16,5451;-9,590804;-5,467416
16,55885;-9,590804;-5,467416
16,57294;-9,590804;-5,467416
16,58684;-9,590804;-5,467416
16,60038;-9,590804;-5,467416
16,61462;-9,590804;-5,467416
16,6284;-9,590804;-5,467416
16,64227;-9,590804;-5,467416
16,65645;-9,590804;-5,467416
16,6863;-9,590804;-5,467416
16,69846;-9,590804;-5,467416
16,70773;-9,590804;-5,467416
16,72188;-9,590804;-5,467416
16,73625;-9,590804;-5,467416
16,75079;-9,590804;-5,467416
16,76544;-9,590804;-5,467416
16,77941;-9,590804;-5,467416
16,79383;-9,590804;-5,467416
16,80808;-9,590804;-5,467416
16,82208;-9,590804;-5,467416
16,83641;-9,590804;-5,467416
16,85069;-9,590804;-5,467416
16,86469;-9,590804;-5,467416
16,87842;-9,590804;-5,467416
16,89262;-9,590804;-5,467416
16,90682;-9,590804;-5,467416
16,92048;-9,590804;-5,467416
16,9347;-9,590804;-5,467416
16,94866;-9,590804;-5,467416
16,96236;-9,590804;-5,467416
16,97641;-9,590804;-5,467416
16,99022;-9,590804;-5,467416
17,00408;-9,590804;-5,467416
17,01851;-9,590804;-5,467416
17,03254;-9,590804;-5,467416
17,04621;-9,590804;-5,467416
17,05972;-9,590804;-5,467416
17,07382;-9,590804;-5,467416
17,08796;-9,590804;-5,467416
17,1018;-9,590804;-5,467416
17,11578;-9,590804;-5,467416
17,12969;-9,590804;-5,467416
17,1434;-9,590804;-5,467416
17,15733;-9,590804;-5,467416
17,17153;-9,590804;-5,467416
17,18554;-9,590804;-5,467416
17,19926;-9,590804;-5,467416
17,22945;-9,590804;-5,467416
17,24137;-9,590804;-5,467416
17,25038;-9,590804;-5,467416
17,26457;-9,590804;-5,467416
17,27906;-9,590804;-5,467416
17,29341;-9,590804;-5,467416
17,30809;-9,590804;-5,467416
17,32203;-9,590804;-5,467416
17,33658;-9,590804;-5,467416
17,35099;-9,590804;-5,467416
17,36509;-9,590804;-5,467416
17,37892;-9,590804;-5,467416
17,39326;-9,590804;-5,467416
17,40742;-9,590804;-5,467416
17,42131;-9,590804;-5,467416
17,43554;-9,590804;-5,467416
17,4496;-9,590804;-5,467416
17,46334;-9,590804;-5,467416
17,47773;-9,590804;-5,467416
17,49152;-9,590804;-5,467416
17,50529;-9,590804;-5,467416
17,519;-9,590804;-5,467416
17,53329;-9,590804;-5,467416
17,54751;-9,590804;-5,467416
17,56076;-9,590804;-5,467416
17,57496;-9,590804;-5,467416
17,58891;-9,590804;-5,467416
17,60281;-9,590804;-5,467416
17,61684;-9,590804;-5,467416
17,63115;-9,590804;-5,467416
17,645;-9,590804;-5,467416
17,65833;-9,590804;-5,467416
17,6725;-9,590804;-5,467416
17,68664;-9,590804;-5,467416
17,70025;-9,590804;-5,467416
17,71449;-9,590804;-5,467416
17,72841;-9,590804;-5,467416
17,74208;-9,590804;-5,467416
17,75607;-9,590804;-5,467416
17,77022;-9,590804;-5,467416
17,78404;-9,590804;-5,467416
17,79832;-9,590804;-5,467416
17,81222;-9,590804;-5,467416
17,82605;-9,590804;-5,467416
17,83953;-9,590804;-5,467416
17,85376;-9,590804;-5,467416
17,86777;-9,590804;-5,467416
17,88169;-9,590804;-5,467416
17,89565;-9,590804;-5,467416
17,90983;-9,590804;-5,467416
17,92338;-9,590804;-5,467416
17,9375;-9,590804;-5,467416
17,95152;-9,590804;-5,467416
17,96546;-9,590804;-5,467416
17,97924;-9,590804;-5,467416
17,99319;-9,590804;-5,467416
18,0072;-9,590804;-5,467416
18,02087;-9,590804;-5,467416
18,0351;-9,590804;-5,467416
18,04899;-9,590804;-5,467416
18,06265;-9,590804;-5,467416
18,07698;-9,590804;-5,467416
18,09084;-9,590804;-5,467416
18,1046;-9,590804;-5,467416
18,11826;-9,590804;-5,467416
18,13253;-9,590804;-5,467416
18,14671;-9,590804;-5,467416
18,15995;-9,590804;-5,467416
18,17427;-9,590804;-5,467416
18,18818;-9,590804;-5,467416
18,20181;-9,590804;-5,467416
18,21596;-9,590804;-5,467416
18,22988;-9,590804;-5,467416
18,24368;-9,590804;-5,467416
18,25785;-9,590804;-5,467416
18,27174;-9,590804;-5,467416
18,28568;-9,590804;-5,467416
18,29932;-9,590804;-5,467416
18,31359;-9,590804;-5,467416
18,32734;-9,590804;-5,467416
18,34115;-9,590804;-5,467416
18,3553;-9,590804;-5,467416
18,36916;-9,590804;-5,467416
18,38292;-9,590804;-5,467416
18,39703;-9,590804;-5,467416
18,41118;-9,590804;-5,467416
18,42489;-9,590804;-5,467416
18,43865;-9,590804;-5,467416
18,45284;-9,590804;-5,467416
18,46678;-9,590804;-5,467416
18,48044;-9,590804;-5,467416
18,49465;-9,590804;-5,467416
18,50858;-9,590804;-5,467416
18,52236;-9,590804;-5,467416
18,53649;-9,590804;-5,467416
18,55061;-9,590804;-5,467416
18,5645;-9,590804;-5,467416
18,57822;-9,590804;-5,467416
18,59245;-9,590804;-5,467416
18,62079;-9,590804;-5,467416
18,62314;-9,590804;-5,467416
18,63574;-9,590804;-5,467416
18,64426;-9,590804;-5,467416
18,65798;-9,590804;-5,467416
18,67243;-9,590804;-5,467416
18,68704;-9,590804;-5,467416
18,70097;-9,590804;-5,467416
18,71559;-9,590804;-5,467416
18,72968;-9,590804;-5,467416
18,74378;-9,590804;-5,467416
18,75811;-9,590804;-5,467416
18,77226;-9,590804;-5,467416
18,78638;-9,590804;-5,467416
18,80009;-9,590804;-5,467416
18,81454;-9,590804;-5,467416
18,82848;-9,590804;-5,467416
18,84222;-9,590804;-5,467416
18,85634;-9,590804;-5,467416
18,87032;-9,590804;-5,467416
18,88409;-9,590804;-5,467416
18,8982;-9,590804;-5,467416
18,9121;-9,590804;-5,467416
18,92592;-9,590804;-5,467416
18,93967;-9,590804;-5,467416
18,95401;-9,590804;-5,467416
18,96777;-9,590804;-5,467416
18,98164;-9,590804;-5,467416
18,99571;-9,590804;-5,467416
19,00954;-9,590804;-5,467416
19,02326;-9,590804;-5,467416
19,03743;-9,590804;-5,467416
19,05152;-9,590804;-5,467416
19,06545;-9,590804;-5,467416
19,07911;-9,590804;-5,467416
19,09321;-9,590804;-5,467416
19,10718;-9,590804;-5,467416
19,12085;-9,590804;-5,467416
19,13515;-9,590804;-5,467416
19,14898;-9,590804;-5,467416
19,1627;-9,590804;-5,467416
19,17702;-9,590804;-5,467416
19,19084;-9,590804;-5,467416
19,20477;-9,590804;-5,467416
19,21856;-9,590804;-5,467416
19,23276;-9,590804;-5,467416
19,24673;-9,590804;-5,467416
19,26034;-9,590804;-5,467416
19,27477;-9,590804;-5,467416
19,28869;-9,590804;-5,467416
19,30228;-9,590804;-5,467416
19,31643;-9,590804;-5,467416
19,33043;-9,590804;-5,467416
19,34424;-9,590804;-5,467416
19,36172;-9,590804;-5,467416
19,37226;-9,590804;-5,467416
19,38551;-9,590804;-5,467416
19,39947;-9,590804;-5,467416
19,41348;-9,590804;-5,467416
19,42727;-9,590804;-5,467416
19,44101;-9,590804;-5,467416
19,45513;-9,590804;-5,467416
19,46916;-9,590804;-5,467416
19,48291;-9,590804;-5,467416
19,49706;-9,590804;-5,467416
19,51079;-9,590804;-5,467416
19,52468;-9,590804;-5,467416
19,53894;-9,590804;-5,467416
19,5525;-9,590804;-5,467416
19,56658;-9,590804;-5,467416
19,58019;-9,590804;-5,467416
19,59448;-9,590804;-5,467416
19,60871;-9,590804;-5,467416
19,62214;-9,590804;-5,467416
19,63643;-9,590804;-5,467416
19,65045;-9,590804;-5,467416
19,66408;-9,590804;-5,467416
19,6784;-9,590804;-5,467416
19,69242;-9,590804;-5,467416
19,70657;-9,590804;-5,467416
19,72009;-9,590804;-5,467416
19,73448;-9,590804;-5,467416
19,74833;-9,590804;-5,467416
19,76373;-9,590804;-5,467416
19,77629;-9,590804;-5,467416
19,79008;-9,590804;-5,467416
19,80368;-9,590804;-5,467416
19,81821;-9,590804;-5,467416
19,8323;-9,590804;-5,467416
19,84609;-9,590804;-5,467416
19,85959;-9,590804;-5,467416
19,87403;-9,590804;-5,467416
19,88824;-9,590804;-5,467416
19,90161;-9,590804;-5,467416
19,91567;-9,590804;-5,467416
19,92982;-9,590804;-5,467416
19,94353;-9,590804;-5,467416
19,95783;-9,590804;-5,467416
19,97166;-9,590804;-5,467416
19,98552;-9,590804;-5,467416
19,99898;-9,590804;-5,467416
20,01322;-9,590804;-5,467416
20,02706;-9,590804;-5,467416
20,0408;-9,590804;-5,467416
20,05499;-9,590804;-5,467416
20,06877;-9,590804;-5,467416
20,08262;-9,590804;-5,467416
20,09678;-9,590804;-5,467416
20,11078;-9,590804;-5,467416
20,12448;-9,590804;-5,467416
20,13846;-9,590804;-5,467416
20,15236;-9,590804;-5,467416
20,16652;-9,590804;-5,467416
20,17987;-9,590804;-5,467416
20,19431;-9,590804;-5,467416
20,20841;-9,590804;-5,467416
20,22177;-9,590804;-5,467416
20,23588;-9,590804;-5,467416
20,25002;-9,590804;-5,467416
20,26336;-9,590804;-5,467416
20,27779;-9,590804;-5,467416
20,29165;-9,590804;-5,467416
20,30539;-9,590804;-5,467416
20,31903;-9,590804;-5,467416
20,33324;-9,590804;-5,467416
20,34932;-9,590804;-5,467416
20,36113;-9,590804;-5,467416
20,37473;-9,590804;-5,467416
20,38864;-9,590804;-5,467416
20,40238;-9,590804;-5,467416
20,4166;-9,590804;-5,467416
20,43075;-9,590804;-5,467416
20,44473;-9,590804;-5,467416
20,45818;-9,590804;-5,467416
20,47244;-9,590804;-5,467416
20,48671;-9,590804;-5,467416
20,50027;-9,590804;-5,467416
20,52983;-9,590804;-5,467416
20,54265;-9,590804;-5,467416
20,5514;-9,590804;-5,467416
20,56613;-9,590804;-5,467416
20,57992;-9,590804;-5,467416
20,59449;-9,590804;-5,467416
20,60888;-9,590804;-5,467416
20,62289;-9,590804;-5,467416
20,63726;-9,590804;-5,467416
20,6517;-9,590804;-5,467416
20,66582;-9,590804;-5,467416
20,67946;-9,590804;-5,467416
20,69367;-9,590804;-5,467416
20,70771;-9,590804;-5,467416
20,72156;-9,590804;-5,467416
20,73591;-9,590804;-5,467416
20,74979;-9,590804;-5,467416
20,76349;-9,590804;-5,467416
20,77775;-9,590804;-5,467416
20,79162;-9,590804;-5,467416
20,80559;-9,590804;-5,467416
20,81941;-9,590804;-5,467416
20,83346;-9,590804;-5,467416
20,84747;-9,590804;-5,467416
20,86112;-9,590804;-5,467416
20,87529;-9,590804;-5,467416
20,88923;-9,590804;-5,467416
20,90309;-9,590804;-5,467416
20,91711;-9,590804;-5,467416
20,93128;-9,590804;-5,467416
20,94542;-9,590804;-5,467416
20,95879;-9,590804;-5,467416
20,97304;-9,590804;-5,467416
20,98708;-9,590804;-5,467416
21,00058;-9,590804;-5,467416
21,01484;-9,590804;-5,467416
21,02875;-9,590804;-5,467416
21,04256;-9,590804;-5,467416
21,05672;-9,590804;-5,467416
21,07073;-9,590804;-5,467416
21,08463;-9,590804;-5,467416
21,09841;-9,590804;-5,467416
21,11284;-9,590804;-5,467416
21,1266;-9,590804;-5,467416
21,1403;-9,590804;-5,467416
21,15447;-9,590804;-5,467416
21,1685;-9,590804;-5,467416
21,18232;-9,590804;-5,467416
21,21249;-9,590804;-5,467416
21,22468;-9,590804;-5,467416
21,23296;-9,590804;-5,467416
21,24786;-9,590804;-5,467416
21,2618;-9,590804;-5,467416
21,27667;-9,590804;-5,467416
21,29092;-9,590804;-5,467416
21,30529;-9,590804;-5,467416
21,3192;-9,590804;-5,467416
21,33354;-9,590804;-5,467416
21,34774;-9,590804;-5,467416
21,36165;-9,590804;-5,467416
21,37595;-9,590804;-5,467416
21,39014;-9,590804;-5,467416
21,40388;-9,590804;-5,467416
21,41808;-9,590804;-5,467416
21,43213;-9,590804;-5,467416
21,44669;-9,590804;-5,467416
21,45967;-9,590804;-5,467416
21,47392;-9,590804;-5,467416
21,48783;-9,590804;-5,467416
21,50165;-9,590804;-5,467416
21,51573;-9,590804;-5,467416
21,52994;-9,590804;-5,467416
21,54343;-9,590804;-5,467416
21,55756;-9,590804;-5,467416
21,57168;-9,590804;-5,467416
21,58555;-9,590804;-5,467416
21,59927;-9,590804;-5,467416
21,61339;-9,590804;-5,467416
21,62737;-9,590804;-5,467416
21,64113;-9,590804;-5,467416
21,65527;-9,590804;-5,467416
21,66927;-9,590804;-5,467416
21,68295;-9,590804;-5,467416
21,69708;-9,590804;-5,467416
21,71117;-9,590804;-5,467416
21,72509;-9,590804;-5,467416
21,73876;-9,590804;-5,467416
21,75296;-9,590804;-5,467416
21,76704;-9,590804;-5,467416
21,78063;-9,590804;-5,467416
21,81061;-9,590804;-5,467416
21,82311;-9,590804;-5,467416
21,83185;-9,590804;-5,467416
21,8465;-9,590804;-5,467416
21,86026;-9,590804;-5,467416
21,87495;-9,590804;-5,467416
21,88939;-9,590804;-5,467416
21,90354;-9,590804;-5,467416
21,91806;-9,590804;-5,467416
21,93252;-9,590804;-5,467416
21,94652;-9,590804;-5,467416
21,96028;-9,590804;-5,467416
21,97469;-9,590804;-5,467416
21,98871;-9,590804;-5,467416
22,00266;-9,590804;-5,467416
22,01676;-9,590804;-5,467416
22,03076;-9,590804;-5,467416
22,04484;-9,590804;-5,467416
22,0584;-9,590804;-5,467416
22,07248;-9,590804;-5,467416
22,08638;-9,590804;-5,467416
22,10144;-9,590804;-5,467416
22,11442;-9,590804;-5,467416
22,12804;-9,590804;-5,467416
22,1419;-9,590804;-5,467416
22,15597;-9,590804;-5,467416
22,17003;-9,590804;-5,467416
22,19752;-9,590804;-5,467416
22,19997;-9,590804;-5,467416
22,21418;-9,590804;-5,467416
22,22204;-9,590804;-5,467416
22,23586;-9,590804;-5,467416
22,25019;-9,590804;-5,467416
22,26447;-9,590804;-5,467416
22,27945;-9,590804;-5,467416
22,29333;-9,590804;-5,467416
22,30772;-9,590804;-5,467416
22,32156;-9,590804;-5,467416
22,33587;-9,590804;-5,467416
22,35008;-9,590804;-5,467416
22,36412;-9,590804;-5,467416
22,37849;-9,590804;-5,467416
22,39244;-9,590804;-5,467416
22,40635;-9,590804;-5,467416
22,41993;-9,590804;-5,467416
22,43417;-9,590804;-5,467416
22,44836;-9,590804;-5,467416
22,46196;-9,590804;-5,467416
22,47603;-9,590804;-5,467416
22,49008;-9,590804;-5,467416
22,50373;-9,590804;-5,467416
22,51803;-9,590804;-5,467416
22,54792;-9,590804;-5,467416
22,55978;-9,590804;-5,467416
22,56929;-9,590804;-5,467416
22,58312;-9,590804;-5,467416
22,59768;-9,590804;-5,467416
22,61214;-9,590804;-5,467416
22,62642;-9,590804;-5,467416
22,64047;-9,590804;-5,467416
22,65511;-9,590804;-5,467416
22,66939;-9,590804;-5,467416
22,68324;-9,590804;-5,467416
22,69778;-9,590804;-5,467416
22,71197;-9,590804;-5,467416
22,7258;-9,590804;-5,467416
22,73963;-9,590804;-5,467416
22,75394;-9,590804;-5,467416
22,76806;-9,590804;-5,467416
22,78189;-9,590804;-5,467416
22,79616;-9,590804;-5,467416
22,81024;-9,590804;-5,467416
22,82372;-9,590804;-5,467416
22,85431;-9,590804;-5,467416
22,86616;-9,590804;-5,467416
22,8746;-9,590804;-5,467416
22,88916;-9,590804;-5,467416
22,90338;-9,590804;-5,467416
22,91813;-9,590804;-5,467416
22,9329;-9,590804;-5,467416
22,94698;-9,590804;-5,467416
22,96078;-9,590804;-5,467416
22,97534;-9,590804;-5,467416
22,98943;-9,590804;-5,467416
23,00335;-9,590804;-5,467416
23,01778;-9,590804;-5,467416
23,03205;-9,590804;-5,467416
23,04604;-9,590804;-5,467416
23,05962;-9,590804;-5,467416
23,07402;-9,590804;-5,467416
23,08797;-9,590804;-5,467416
23,10179;-9,590804;-5,467416
23,11615;-9,590804;-5,467416
23,12986;-9,590804;-5,467416
23,14365;-9,590804;-5,467416
23,17307;-9,590804;-5,467416
23,17553;-9,590804;-5,467416
23,18864;-9,590804;-5,467416
23,195;-9,590804;-5,467416
23,20924;-9,590804;-5,467416
23,22317;-9,590804;-5,467416
23,2382;-9,590804;-5,467416
23,25245;-9,590804;-5,467416
23,26694;-9,590804;-5,467416
23,28084;-9,590804;-5,467416
23,29536;-9,590804;-5,467416
23,30942;-9,590804;-5,467416
23,3233;-9,590804;-5,467416
23,33764;-9,590804;-5,467416
23,35167;-9,590804;-5,467416
23,36606;-9,590804;-5,467416
23,3796;-9,590804;-5,467416
23,39383;-9,590804;-5,467416
23,40794;-9,590804;-5,467416
23,42172;-9,590804;-5,467416
23,43591;-9,590804;-5,467416
23,45009;-9,590804;-5,467416
23,46366;-9,590804;-5,467416
23,47794;-9,590804;-5,467416
23,4917;-9,590804;-5,467416
23,50576;-9,590804;-5,467416
23,51935;-9,590804;-5,467416
23,5336;-9,590804;-5,467416
23,54765;-9,590804;-5,467416
23,56122;-9,590804;-5,467416
23,57543;-9,590804;-5,467416
23,58935;-9,590804;-5,467416
23,61814;-9,590804;-5,467416
23,6206;-9,590804;-5,467416
23,6343;-9,590804;-5,467416
23,64063;-9,590804;-5,467416
23,6545;-9,590804;-5,467416
23,66881;-9,590804;-5,467416
23,68318;-9,590804;-5,467416
23,69823;-9,590804;-5,467416
23,71243;-9,590804;-5,467416
23,72641;-9,590804;-5,467416
23,74052;-16,76531;-6,65626
23,75475;-16,76531;-6,65626
23,76887;-16,76531;-6,65626
23,783;-16,76531;-6,65626
23,79765;-16,76531;-6,65626
23,8119;-16,76531;-6,65626
23,82596;-16,76531;-6,65626
23,83988;-16,76531;-6,65626
23,8542;-16,76531;-6,65626
23,86838;-16,76531;-6,65626
23,88234;-16,76531;-6,65626
23,89656;-16,76531;-6,65626
23,91078;-16,76531;-6,65626
23,9247;-16,76531;-6,65626
23,93848;-16,76531;-6,65626
23,95333;-16,76531;-6,65626
23,96705;-16,76531;-6,65626
23,98058;-16,76531;-6,65626
23,99503;-16,76531;-6,65626
24,00899;-16,76531;-6,65626
24,02283;-16,76531;-6,65626
24,03707;-16,76531;-6,65626
24,05121;-16,76531;-6,65626
24,06502;-16,76531;-6,65626
24,07878;-16,76531;-6,65626
24,09282;-16,76531;-6,65626
24,10679;-16,76531;-6,65626
24,12036;-16,76531;-6,65626
24,13447;-16,76531;-6,65626
24,14862;-16,76531;-6,65626
24,16222;-16,76531;-6,65626
24,17627;-16,76531;-6,65626
24,1903;-16,76531;-6,65626
24,20373;-16,76531;-6,65626
24,21798;-16,76531;-6,65626
24,23204;-16,76531;-6,65626
24,24587;-16,76531;-6,65626
24,25932;-16,76531;-6,65626
24,27352;-16,76531;-6,65626
24,28748;-16,76531;-6,65626
24,30126;-16,76531;-6,65626
24,31546;-16,76531;-6,65626
24,32924;-16,76531;-6,65626
24,34295;-16,76531;-6,65626
24,35703;-16,76531;-6,65626
24,37105;-16,76531;-6,65626
24,38479;-16,76531;-6,65626
24,39857;-16,76531;-6,65626
24,41269;-16,76531;-6,65626
24,42646;-16,76531;-6,65626
24,43996;-16,76531;-6,65626
24,46958;-16,76531;-6,65626
24,48212;-16,76531;-6,65626
24,49122;-16,76531;-6,65626
24,5054;-16,76531;-6,65626
24,51923;-16,76531;-6,65626
24,53407;-16,76531;-6,65626
24,54826;-16,76531;-6,65626
24,56234;-16,76531;-6,65626
24,57674;-16,76531;-6,65626
24,59086;-16,76531;-6,65626
24,60499;-16,76531;-6,65626
24,61882;-16,76531;-6,65626
24,63306;-16,76531;-6,65626
24,64709;-16,76531;-6,65626
24,6608;-16,76531;-6,65626
24,67511;-16,76531;-6,65626
24,68916;-16,76531;-6,65626
24,70277;-16,76531;-6,65626
24,71692;-16,76531;-6,65626
24,7311;-16,76531;-6,65626
24,74497;-16,76531;-6,65626
24,75847;-16,76531;-6,65626
24,77263;-16,76531;-6,65626
24,78667;-16,76531;-6,65626
24,80019;-16,76531;-6,65626
24,81452;-16,76531;-6,65626
24,82834;-16,76531;-6,65626
24,84209;-16,76531;-6,65626
24,85615;-16,76531;-6,65626
24,87024;-16,76531;-6,65626
24,89908;-16,76531;-6,65626
24,90217;-16,76531;-6,65626
24,91544;-16,76531;-6,65626
24,9213;-17,65499;-0,9328523
24,93492;-17,65499;-0,9328523
24,94931;-17,65499;-0,9328523
24,96367;-17,65499;-0,9328523
24,97914;-17,65499;-0,9328523
24,99297;-17,65499;-0,9328523
25,00712;-17,65499;-0,9328523
25,02116;-17,65499;-0,9328523
25,03581;-17,65499;-0,9328523
25,05005;-17,65499;-0,9328523
25,06397;-17,65499;-0,9328523
25,07856;-17,65499;-0,9328523
25,09236;-17,65499;-0,9328523
25,10653;-17,65499;-0,9328523
25,12013;-17,65499;-0,9328523
25,13447;-17,65499;-0,9328523
25,14869;-17,65499;-0,9328523
25,16245;-17,65499;-0,9328523
25,17682;-17,65499;-0,9328523
25,19071;-17,65499;-0,9328523
25,20458;-17,65499;-0,9328523
25,21836;-17,65499;-0,9328523
25,23246;-17,65499;-0,9328523
25,24661;-17,65499;-0,9328523
25,26013;-17,65499;-0,9328523
25,27429;-17,65499;-0,9328523
25,28823;-17,65499;-0,9328523
25,30204;-17,65499;-0,9328523
25,31608;-17,65499;-0,9328523
25,33031;-17,65499;-0,9328523
25,34388;-17,65499;-0,9328523
25,37222;-17,65499;-0,9328523
25,37474;-17,65499;-0,9328523
25,38864;-17,37983;4,893277
25,39539;-17,37983;4,893277
25,40983;-17,37983;4,893277
25,42334;-17,37983;4,893277
25,43814;-17,37983;4,893277
25,45282;-17,37983;4,893277
25,46732;-17,37983;4,893277
25,48142;-17,37983;4,893277
25,49594;-17,37983;4,893277
25,51124;-17,37983;4,893277
25,52418;-17,37983;4,893277
25,53814;-17,37983;4,893277
25,55247;-17,37983;4,893277
25,56656;-17,37983;4,893277
25,58038;-17,37983;4,893277
25,59473;-17,37983;4,893277
25,60876;-17,37983;4,893277
25,62269;-17,37983;4,893277
25,63671;-17,37983;4,893277
25,65087;-17,37983;4,893277
25,66488;-17,37983;4,893277
25,67854;-17,37983;4,893277
25,69292;-17,37983;4,893277
25,70674;-17,37983;4,893277
25,72054;-17,37983;4,893277
25,73484;-17,37983;4,893277
25,74875;-17,37983;4,893277
25,76258;-17,37983;4,893277
25,77676;-17,37983;4,893277
25,79067;-17,37983;4,893277
25,80463;-17,37983;4,893277
25,81843;-17,37983;4,893277
25,83263;-17,37983;4,893277
25,84691;-17,37983;4,893277
25,86018;-17,37983;4,893277
25,87451;-17,37983;4,893277
25,88833;-17,37983;4,893277
25,90201;-17,37983;4,893277
25,91612;-17,37983;4,893277
25,93026;-17,37983;4,893277
25,94365;-17,37983;4,893277
25,95775;-17,37983;4,893277
25,9718;-17,37983;4,893277
25,98566;-17,37983;4,893277
26,01562;-17,37983;4,893277
26,02776;-17,37983;4,893277
26,03634;-17,37983;4,893277
26,05094;-17,37983;4,893277
26,06514;-17,37983;4,893277
26,07955;-17,37983;4,893277
26,09407;-17,37983;4,893277
26,10835;-17,37983;4,893277
26,12228;-17,37983;4,893277
26,13671;-17,37983;4,893277
26,15096;-17,37983;4,893277
26,16508;-17,37983;4,893277
26,179;-17,37983;4,893277
26,19324;-17,37983;4,893277
26,20747;-17,37983;4,893277
26,22114;-17,37983;4,893277
26,23544;-17,37983;4,893277
26,24975;-17,37983;4,893277
26,26348;-17,37983;4,893277
26,27758;-17,37983;4,893277
26,29144;-17,37983;4,893277
26,30528;-17,37983;4,893277
26,31907;-17,37983;4,893277
26,33341;-17,37983;4,893277
26,34723;-17,37983;4,893277
26,36076;-17,37983;4,893277
26,39132;-17,37983;4,893277
26,40343;-17,37983;4,893277
26,41204;-17,37983;4,893277
26,42668;-17,37983;4,893277
26,44061;-18,34764;6,806684
26,45539;-18,34764;6,806684
26,46984;-18,34764;6,806684
26,48394;-18,34764;6,806684
26,49876;-18,34764;6,806684
26,51334;-18,34764;6,806684
26,52734;-18,34764;6,806684
26,54142;-18,34764;6,806684
26,55586;-18,34764;6,806684
26,57007;-18,34764;6,806684
26,58384;-18,34764;6,806684
26,59826;-18,34764;6,806684
26,61249;-18,34764;6,806684
26,62641;-18,34764;6,806684
26,64034;-18,34764;6,806684
26,65524;-18,34764;6,806684
26,66873;-18,34764;6,806684
26,6824;-18,34764;6,806684
26,69688;-18,34764;6,806684
26,71099;-18,34764;6,806684
26,72491;-18,34764;6,806684
26,73834;-18,34764;6,806684
26,75261;-18,34764;6,806684
26,76666;-18,34764;6,806684
26,78033;-18,34764;6,806684
26,79454;-18,34764;6,806684
26,8086;-18,34764;6,806684
26,8224;-18,34764;6,806684
26,83638;-18,34764;6,806684
26,85042;-18,34764;6,806684
26,86396;-18,34764;6,806684
26,87816;-18,34764;6,806684
26,89198;-18,34764;6,806684
26,90587;-18,34764;6,806684
26,91941;-18,34764;6,806684
26,93375;-18,34764;6,806684
26,94787;-18,34764;6,806684
26,96138;-18,34764;6,806684
26,97547;-18,34764;6,806684
26,98931;-18,34764;6,806684
27,00314;-18,34764;6,806684
27,01751;-18,34764;6,806684
27,03159;-18,34764;6,806684
27,04553;-18,34764;6,806684
27,05905;-18,34764;6,806684
27,0733;-18,34764;6,806684
27,08732;-18,34764;6,806684
27,10097;-18,34764;6,806684
27,11512;-18,34764;6,806684
27,12888;-18,34764;6,806684
27,14244;-18,34764;6,806684
27,15648;-18,34764;6,806684
27,1704;-18,34764;6,806684
27,18391;-18,34764;6,806684
27,19812;-18,34764;6,806684
27,21214;-18,34764;6,806684
27,22561;-18,34764;6,806684
27,239;-18,34764;6,806684
27,25321;-18,34764;6,806684
27,26695;-18,34764;6,806684
27,28065;-18,34764;6,806684
27,29474;-18,34764;6,806684
27,30864;-18,34764;6,806684
27,32237;-18,34764;6,806684
27,33641;-18,34764;6,806684
27,35037;-18,34764;6,806684
27,36414;-18,34764;6,806684
27,37868;-18,34764;6,806684
27,39188;-18,34764;6,806684
27,40553;-18,34764;6,806684
27,41921;-18,34764;6,806684
27,43336;-18,34764;6,806684
27,44712;-18,34764;6,806684
27,46021;-18,34764;6,806684
27,47404;-18,34764;6,806684
27,4878;-18,34764;6,806684
27,50106;-18,34764;6,806684
27,51503;-18,34764;6,806684
27,52854;-18,34764;6,806684
27,5422;-18,34764;6,806684
27,55618;-18,34764;6,806684
27,56995;-18,34764;6,806684
27,58325;-18,34764;6,806684
27,59687;-18,34764;6,806684
27,61092;-18,34764;6,806684
27,62438;-18,34764;6,806684
27,63747;-18,34764;6,806684
27,66701;-18,34764;6,806684
27,67947;-18,34764;6,806684
27,69323;-18,34764;6,806684
27,70333;-18,34764;6,806684
27,71597;-18,34764;6,806684
27,73057;-18,34764;6,806684
27,74523;-18,34764;6,806684
27,7592;-8,800847;4,600661
27,77349;-8,800847;4,600661
27,78781;-8,800847;4,600661
27,80153;-8,800847;4,600661
27,81496;-8,800847;4,600661
27,82849;-8,800847;4,600661
27,84173;-8,800847;4,600661
27,85542;-8,800847;4,600661
27,86885;-8,800847;4,600661
27,88229;-8,800847;4,600661
27,89581;-8,800847;4,600661
27,91869;-8,800847;4,600661
27,92365;-8,800847;4,600661
27,93768;-8,800847;4,600661
27,95171;-8,800847;4,600661
27,97954;-8,800847;4,600661
27,9934;-8,800847;4,600661
28,00732;-8,800847;4,600661
28,0214;-8,800847;4,600661
28,03518;-8,800847;4,600661
28,04917;-8,800847;4,600661
28,06307;-8,800847;4,600661
28,07686;-8,800847;4,600661
28,0908;-8,800847;4,600661
28,10469;-8,800847;4,600661
28,1188;-8,800847;4,600661
28,13278;-8,800847;4,600661
28,14664;-8,800847;4,600661
28,16475;-8,800847;4,600661
28,17446;-8,800847;4,600661
28,18827;-8,800847;4,600661
28,20237;-8,800847;4,600661
28,21634;-8,800847;4,600661
28,2302;-8,800847;4,600661
28,24411;-8,800847;4,600661
28,25791;-8,800847;4,600661
28,27187;-8,800847;4,600661
28,28587;-8,800847;4,600661
28,29976;-8,800847;4,600661
28,31394;-8,800847;4,600661
28,32751;-8,800847;4,600661
28,34143;-8,800847;4,600661
28,35537;-8,800847;4,600661
28,3694;-8,800847;4,600661
28,38333;-8,800847;4,600661
28,39726;-8,800847;4,600661
28,42233;-8,800847;4,600661
28,42674;-8,800847;4,600661
28,45286;-8,800847;4,600661
28,46664;-8,800847;4,600661
28,4805;-8,800847;4,600661
28,49666;-8,800847;4,600661
28,50824;-8,800847;4,600661
28,52236;-8,800847;4,600661
28,53607;-8,800847;4,600661
28,55009;-8,800847;4,600661
28,56406;-8,800847;4,600661
28,57787;-8,800847;4,600661
28,5917;-8,800847;4,600661
28,60546;-8,800847;4,600661
28,61948;-8,800847;4,600661
28,6334;-8,800847;4,600661
28,65333;-8,800847;4,600661
28,66103;-8,800847;4,600661
28,67514;-8,800847;4,600661
28,68891;-8,800847;4,600661
28,70285;-14,23005;-2,001332
28,71626;-14,23005;-2,001332
28,73014;-14,23005;-2,001332
28,74407;-14,23005;-2,001332
28,75787;-14,23005;-2,001332
28,7718;-14,23005;-2,001332
28,78562;-14,23005;-2,001332
28,79966;-14,23005;-2,001332
28,81515;-14,23005;-2,001332
28,83027;-14,23005;-2,001332
28,84561;-14,23005;-2,001332
28,86059;-14,23005;-2,001332
28,87522;-14,23005;-2,001332
28,88984;-14,23005;-2,001332
28,90417;-14,23005;-2,001332
28,91908;-14,23005;-2,001332
28,9332;-14,23005;-2,001332
28,94768;-14,23005;-2,001332
28,96143;-14,23005;-2,001332
28,97579;-14,23005;-2,001332
28,99005;-14,23005;-2,001332
29,0039;-14,23005;-2,001332
29,01826;-14,23005;-2,001332
29,03239;-14,23005;-2,001332
29,04651;-14,23005;-2,001332
29,06008;-14,23005;-2,001332
29,07431;-14,23005;-2,001332
29,08837;-14,23005;-2,001332
29,10217;-14,23005;-2,001332
29,11629;-14,23005;-2,001332
29,13033;-14,23005;-2,001332
29,1441;-14,23005;-2,001332
29,15823;-14,23005;-2,001332
29,17224;-14,23005;-2,001332
29,18616;-14,23005;-2,001332
29,19981;-14,23005;-2,001332
29,2142;-14,23005;-2,001332
29,22791;-14,23005;-2,001332
29,24179;-14,23005;-2,001332
29,25613;-14,23005;-2,001332
29,26983;-14,23005;-2,001332
29,28352;-14,23005;-2,001332
29,29778;-14,23005;-2,001332
29,31183;-14,23005;-2,001332
29,32562;-14,23005;-2,001332
29,33917;-14,23005;-2,001332
29,35337;-14,23005;-2,001332
29,36729;-14,23005;-2,001332
29,38112;-14,23005;-2,001332
29,39515;-14,23005;-2,001332
29,40911;-14,23005;-2,001332
29,42287;-14,23005;-2,001332
29,437;-14,23005;-2,001332
29,45108;-14,23005;-2,001332
29,46497;-14,23005;-2,001332
29,47866;-14,23005;-2,001332
29,49267;-14,23005;-2,001332
29,50675;-14,23005;-2,001332
29,52031;-14,23005;-2,001332
29,5345;-14,23005;-2,001332
29,54873;-14,23005;-2,001332
29,56218;-14,23005;-2,001332
29,57616;-14,23005;-2,001332
29,59016;-14,23005;-2,001332
29,60382;-14,23005;-2,001332
29,61794;-14,23005;-2,001332
29,63212;-14,23005;-2,001332
29,64606;-14,23005;-2,001332
29,65933;-14,23005;-2,001332
29,6737;-14,23005;-2,001332
29,68754;-14,23005;-2,001332
29,7014;-14,23005;-2,001332
29,71571;-14,23005;-2,001332
29,72925;-14,23005;-2,001332
29,74281;-14,23005;-2,001332
29,75681;-14,23005;-2,001332
29,78767;-14,23005;-2,001332
29,79885;-14,23005;-2,001332
29,80775;-14,23005;-2,001332
29,82191;-15,7635;-3,775631
29,83611;-15,7635;-3,775631
29,85068;-15,7635;-3,775631
29,86522;-15,7635;-3,775631
29,8795;-15,7635;-3,775631
29,89411;-15,7635;-3,775631
29,90862;-15,7635;-3,775631
29,92274;-15,7635;-3,775631
29,93709;-15,7635;-3,775631
29,95135;-15,7635;-3,775631
29,96553;-15,7635;-3,775631
29,97924;-15,7635;-3,775631
29,99341;-15,7635;-3,775631
30,00788;-15,7635;-3,775631
30,02138;-15,7635;-3,775631
30,03571;-15,7635;-3,775631
30,0497;-15,7635;-3,775631
30,06335;-15,7635;-3,775631
30,07767;-15,7635;-3,775631
30,09159;-15,7635;-3,775631
30,10557;-15,7635;-3,775631
30,1192;-15,7635;-3,775631
30,1335;-15,7635;-3,775631
30,14751;-15,7635;-3,775631
30,16111;-15,7635;-3,775631
30,17555;-15,7635;-3,775631
30,18933;-15,7635;-3,775631
30,20298;-15,7635;-3,775631
30,21751;-15,7635;-3,775631
30,23139;-15,7635;-3,775631
30,26147;-15,7635;-3,775631
30,27286;-15,7635;-3,775631
30,28225;-15,7635;-3,775631
30,29625;-15,7635;-3,775631
30,31099;-15,7635;-3,775631
30,33973;-15,7635;-3,775631
30,34233;-15,7635;-3,775631
30,35922;-15,7635;-3,775631
30,36463;-17,88235;-6,136372
30,37808;-17,88235;-6,136372
30,40775;-17,88235;-6,136372
30,40971;-17,88235;-6,136372
30,42065;-17,88235;-6,136372
30,43296;-17,88235;-6,136372
30,44782;-17,88235;-6,136372
30,46249;-17,88235;-6,136372
30,47736;-17,88235;-6,136372
30,49215;-17,88235;-6,136372
30,50701;-17,88235;-6,136372
30,52121;-17,88235;-6,136372
30,53594;-17,88235;-6,136372
30,55063;-17,88235;-6,136372
30,56466;-17,88235;-6,136372
30,57872;-17,88235;-6,136372
30,59292;-17,88235;-6,136372
30,62335;-17,88235;-6,136372
30,62519;-17,88235;-6,136372
30,63767;-17,88235;-6,136372
30,64527;-17,88235;-6,136372
30,65907;-17,88235;-6,136372
30,67365;-17,88235;-6,136372
30,68822;-17,88235;-6,136372
30,70268;-17,88235;-6,136372
30,71731;-17,88235;-6,136372
30,73174;-17,88235;-6,136372
30,74602;-17,88235;-6,136372
30,75955;-17,88235;-6,136372
30,77398;-17,88235;-6,136372
30,78799;-17,88235;-6,136372
30,80192;-17,88235;-6,136372
30,81619;-17,88235;-6,136372
30,83025;-17,88235;-6,136372
30,84421;-17,88235;-6,136372
30,8584;-17,88235;-6,136372
30,87238;-17,88235;-6,136372
30,88648;-17,88235;-6,136372
30,90007;-17,88235;-6,136372
30,9144;-17,88235;-6,136372
30,92823;-17,88235;-6,136372
30,94201;-17,88235;-6,136372
30,9562;-17,88235;-6,136372
30,98597;-17,88235;-6,136372
30,9881;-17,88235;-6,136372
30,99982;-17,88235;-6,136372
31,00785;-18,69847;-7,199442
31,02175;-18,69847;-7,199442
31,03612;-18,69847;-7,199442
31,05076;-18,69847;-7,199442
31,06529;-18,69847;-7,199442
31,07951;-18,69847;-7,199442
31,09406;-18,69847;-7,199442
31,10839;-18,69847;-7,199442
31,12234;-18,69847;-7,199442
31,1367;-18,69847;-7,199442
31,15083;-18,69847;-7,199442
31,16484;-18,69847;-7,199442
31,17875;-18,69847;-7,199442
31,1929;-18,69847;-7,199442
31,20706;-18,69847;-7,199442
31,22081;-18,69847;-7,199442
31,23534;-18,69847;-7,199442
31,24932;-18,69847;-7,199442
31,2634;-18,69847;-7,199442
31,27763;-18,69847;-7,199442
31,2915;-18,69847;-7,199442
31,30538;-18,69847;-7,199442
31,31908;-18,69847;-7,199442
31,33354;-18,69847;-7,199442
31,34752;-18,69847;-7,199442
31,36123;-18,69847;-7,199442
31,37539;-18,69847;-7,199442
31,38941;-18,69847;-7,199442
31,40324;-18,69847;-7,199442
31,41735;-18,69847;-7,199442
31,43139;-18,69847;-7,199442
31,44545;-18,69847;-7,199442
31,45895;-18,69847;-7,199442
31,47301;-18,69847;-7,199442
31,48696;-18,69847;-7,199442
31,50049;-18,69847;-7,199442
31,51474;-18,69847;-7,199442
31,52849;-18,69847;-7,199442
31,54228;-18,69847;-7,199442
31,55647;-18,69847;-7,199442
31,57061;-18,69847;-7,199442
31,58438;-18,69847;-7,199442
31,59799;-18,69847;-7,199442
31,61234;-18,69847;-7,199442
31,6262;-18,69847;-7,199442
31,63991;-18,69847;-7,199442
31,65405;-18,69847;-7,199442
31,66791;-18,69847;-7,199442
31,68142;-18,69847;-7,199442
31,69525;-18,69847;-7,199442
31,70893;-18,69847;-7,199442
31,72226;-18,69847;-7,199442
31,73608;-18,69847;-7,199442
31,74975;-18,69847;-7,199442
31,76331;-18,69847;-7,199442
31,77705;-18,69847;-7,199442
31,7908;-18,69847;-7,199442
31,80431;-18,69847;-7,199442
31,81787;-18,69847;-7,199442
31,8316;-18,69847;-7,199442
31,84511;-18,69847;-7,199442
31,85851;-18,69847;-7,199442
31,87246;-18,69847;-7,199442
31,88602;-18,69847;-7,199442
31,89956;-18,69847;-7,199442
31,91383;-18,69847;-7,199442
31,9275;-18,69847;-7,199442
31,94068;-18,69847;-7,199442
31,9548;-18,69847;-7,199442
31,9685;-18,69847;-7,199442
31,982;-18,69847;-7,199442
31,99608;-18,69847;-7,199442
32,0099;-18,69847;-7,199442
32,02359;-18,69847;-7,199442
32,03749;-18,69847;-7,199442
32,05159;-18,69847;-7,199442
32,06546;-18,69847;-7,199442
32,07917;-18,69847;-7,199442
32,09299;-18,69847;-7,199442
32,10695;-18,69847;-7,199442
32,12046;-18,69847;-7,199442
32,13488;-18,69847;-7,199442
32,14882;-18,69847;-7,199442
32,16257;-18,69847;-7,199442
32,17635;-18,69847;-7,199442
32,19041;-18,69847;-7,199442
32,20409;-18,69847;-7,199442
32,21807;-18,69847;-7,199442
32,24649;-18,69847;-7,199442
32,25999;-18,69847;-7,199442
32,26951;-18,69847;-7,199442
32,28323;-18,69847;-7,199442
32,29823;-18,69847;-7,199442
32,31282;-18,69847;-7,199442
32,32719;-18,69847;-7,199442
32,34103;-18,69847;-7,199442
32,35566;-18,69847;-7,199442
32,37002;-18,69847;-7,199442
32,38378;-18,69847;-7,199442
32,39827;-18,69847;-7,199442
32,4124;-13,53374;-5,164928
32,42611;-13,53374;-5,164928
32,43996;-13,53374;-5,164928
32,45418;-13,53374;-5,164928
32,46793;-13,53374;-5,164928
32,48178;-13,53374;-5,164928
32,49554;-13,53374;-5,164928
32,50934;-13,53374;-5,164928
32,52306;-13,53374;-5,164928
32,53714;-13,53374;-5,164928
32,55124;-13,53374;-5,164928
32,56516;-13,53374;-5,164928
32,57841;-13,53374;-5,164928
32,5922;-13,53374;-5,164928
32,60603;-13,53374;-5,164928
32,61998;-13,53374;-5,164928
32,63432;-13,53374;-5,164928
32,64856;-13,53374;-5,164928
32,66228;-13,53374;-5,164928
32,67592;-13,53374;-5,164928
32,68971;-13,53374;-5,164928
32,70383;-13,53374;-5,164928
32,7175;-13,53374;-5,164928
32,73162;-13,53374;-5,164928
32,74538;-13,53374;-5,164928
32,75892;-13,53374;-5,164928
32,77303;-13,53374;-5,164928
32,787;-13,53374;-5,164928
32,80072;-13,53374;-5,164928
32,8149;-13,53374;-5,164928
32,82893;-13,53374;-5,164928
32,84259;-13,53374;-5,164928
32,85647;-13,53374;-5,164928
32,87064;-13,53374;-5,164928
32,88448;-13,53374;-5,164928
32,89835;-13,53374;-5,164928
32,91247;-13,53374;-5,164928
32,92637;-13,53374;-5,164928
32,93993;-13,53374;-5,164928
32,95421;-13,53374;-5,164928
32,96831;-13,53374;-5,164928
32,98196;-13,53374;-5,164928
32,99617;-13,53374;-5,164928
33,02592;-13,53374;-5,164928
33,03838;-13,53374;-5,164928
33,05213;-13,53374;-5,164928
33,06247;-13,53374;-5,164928
33,07543;-13,53374;-5,164928
33,08983;-13,53374;-5,164928
33,10404;-13,53374;-5,164928
33,11844;-13,53374;-5,164928
33,13305;-13,53374;-5,164928
33,14786;-13,53374;-5,164928
33,16129;-13,53374;-5,164928
33,17584;-13,53374;-5,164928
33,19034;-13,53374;-5,164928
33,20394;-13,53374;-5,164928
33,21827;-13,53374;-5,164928
33,23261;-13,53374;-5,164928
33,24703;-13,53374;-5,164928
33,2599;-13,53374;-5,164928
33,27404;-13,53374;-5,164928
33,28899;-13,53374;-5,164928
33,30175;-13,53374;-5,164928
33,3161;-13,53374;-5,164928
33,33118;-13,53374;-5,164928
33,34425;-13,53374;-5,164928
33,35783;-13,53374;-5,164928
33,37211;-13,53374;-5,164928
33,38633;-13,53374;-5,164928
33,40018;-13,53374;-5,164928
33,41463;-13,53374;-5,164928
33,42833;-13,53374;-5,164928
33,45814;-13,53374;-5,164928
33,47053;-13,53374;-5,164928
33,48002;-13,53374;-5,164928
33,49315;-13,53374;-5,164928
33,50782;-13,53374;-5,164928
33,5218;-13,53374;-5,164928
33,53624;-13,53374;-5,164928
33,551;-13,53374;-5,164928
33,56525;-13,53374;-5,164928
33,57943;-13,53374;-5,164928
33,59343;-13,53374;-5,164928
33,60794;-13,53374;-5,164928
33,62177;-13,53374;-5,164928
33,63619;-13,53374;-5,164928
33,65053;-13,53374;-5,164928
33,66482;-13,53374;-5,164928
33,67846;-13,53374;-5,164928
33,69237;-13,53374;-5,164928
33,70652;-13,53374;-5,164928
33,72038;-13,53374;-5,164928
33,73462;-13,53374;-5,164928
33,74851;-13,53374;-5,164928
33,762;-13,53374;-5,164928
33,77629;-13,53374;-5,164928
33,79026;-13,53374;-5,164928
33,8037;-13,53374;-5,164928
33,818;-13,53374;-5,164928
33,83234;-13,53374;-5,164928
33,84616;-13,53374;-5,164928
33,85937;-13,53374;-5,164928
33,87365;-13,53374;-5,164928
33,88758;-13,53374;-5,164928
33,90121;-13,53374;-5,164928
33,91558;-13,53374;-5,164928
33,92955;-13,53374;-5,164928
33,94336;-13,53374;-5,164928
33,95723;-13,53374;-5,164928
33,97144;-13,53374;-5,164928
33,98536;-13,53374;-5,164928
33,99883;-13,53374;-5,164928
34,0129;-13,53374;-5,164928
34,02782;-13,53374;-5,164928
34,04062;-13,53374;-5,164928
34,05452;-13,53374;-5,164928
34,06865;-13,53374;-5,164928
34,08238;-13,53374;-5,164928
34,11132;-13,53374;-5,164928
34,1252;-13,53374;-5,164928
34,13429;-13,53374;-5,164928
34,14775;-13,53374;-5,164928
34,16236;-13,53374;-5,164928
34,17671;-13,53374;-5,164928
34,19146;-13,53374;-5,164928
34,20557;-13,53374;-5,164928
34,21966;-13,53374;-5,164928
34,23436;-5,254486;-4,33647
34,2475;-5,254486;-4,33647
34,26152;-5,254486;-4,33647
34,27583;-5,254486;-4,33647
34,28998;-5,254486;-4,33647
34,30362;-5,254486;-4,33647
34,3177;-5,254486;-4,33647
34,33208;-5,254486;-4,33647
34,34578;-5,254486;-4,33647
34,36077;-5,254486;-4,33647
34,37331;-5,254486;-4,33647
34,38711;-5,254486;-4,33647
34,40059;-5,254486;-4,33647
34,4151;-5,254486;-4,33647
34,42867;-5,254486;-4,33647
34,44264;-5,254486;-4,33647
34,45678;-5,254486;-4,33647
34,47082;-5,254486;-4,33647
34,48464;-5,254486;-4,33647
34,49825;-5,254486;-4,33647
34,51273;-5,254486;-4,33647
34,52639;-5,254486;-4,33647
34,53983;-5,254486;-4,33647
34,55436;-5,254486;-4,33647
34,56829;-5,254486;-4,33647
34,58178;-5,254486;-4,33647
34,5961;-5,254486;-4,33647
34,6099;-5,254486;-4,33647
34,62347;-5,254486;-4,33647
34,63762;-5,254486;-4,33647
34,65194;-5,254486;-4,33647
34,6658;-5,254486;-4,33647
34,67947;-5,254486;-4,33647
34,69366;-5,254486;-4,33647
34,70769;-5,254486;-4,33647
34,7212;-5,254486;-4,33647
34,73552;-5,254486;-4,33647
34,74948;-5,254486;-4,33647
34,76307;-5,254486;-4,33647
34,77761;-5,254486;-4,33647
34,79109;-5,254486;-4,33647
34,80491;-5,254486;-4,33647
34,81839;-5,254486;-4,33647
34,83237;-5,254486;-4,33647
34,84626;-5,254486;-4,33647
34,85978;-5,254486;-4,33647
34,874;-5,254486;-4,33647
34,88777;-5,254486;-4,33647
34,9165;-5,254486;-4,33647
34,93013;-5,254486;-4,33647
34,94382;-5,254486;-4,33647
34,95621;-5,254486;-4,33647
34,97186;-5,254486;-4,33647
34,98292;-5,254486;-4,33647
34,99634;-5,254486;-4,33647
35,01041;-5,254486;-4,33647
35,02475;-5,254486;-4,33647
35,0391;-5,254486;-4,33647
35,05345;-5,254486;-4,33647
35,06798;-5,254486;-4,33647
35,08169;-5,254486;-4,33647
35,09655;-5,254486;-4,33647
35,111;-5,254486;-4,33647
35,1249;-5,254486;-4,33647
35,13881;-5,254486;-4,33647
35,15342;-5,254486;-4,33647
35,16756;-5,254486;-4,33647
35,18136;-5,254486;-4,33647
35,19572;-5,254486;-4,33647
35,20969;-5,254486;-4,33647
35,22316;-5,254486;-4,33647
35,23763;-5,254486;-4,33647
35,25182;-5,254486;-4,33647
35,26605;-5,254486;-4,33647
35,2799;-5,254486;-4,33647
35,29369;-5,254486;-4,33647
35,30762;-5,254486;-4,33647
35,32167;-5,254486;-4,33647
35,33572;-5,254486;-4,33647
35,34976;-5,254486;-4,33647
35,36388;-5,254486;-4,33647
35,37784;-5,254486;-4,33647
35,39216;-5,254486;-4,33647
35,40565;-5,254486;-4,33647
35,41942;-5,254486;-4,33647
35,43383;-5,254486;-4,33647
35,44743;-5,254486;-4,33647
35,4608;-5,254486;-4,33647
35,47516;-5,254486;-4,33647
35,4892;-5,254486;-4,33647
35,50281;-5,254486;-4,33647
35,51694;-5,254486;-4,33647
35,53111;-5,254486;-4,33647
35,54471;-5,254486;-4,33647
35,55817;-5,254486;-4,33647
35,57254;-5,254486;-4,33647
35,58662;-5,254486;-4,33647
35,60003;-5,254486;-4,33647
35,61472;-5,254486;-4,33647
35,62858;-5,254486;-4,33647
35,642;-5,254486;-4,33647
35,65607;-5,254486;-4,43647
35,67028;-5,254486;-4,43647
35,68399;-5,254486;-4,43647
35,69809;-5,254486;-4,43647
35,71215;-5,254486;-4,43647
35,72593;-5,254486;-4,43647
35,73933;-5,254486;-4,43647
35,75348;-5,254486;-4,43647
35,76784;-5,254486;-4,43647
35,78121;-5,254486;-4,43647
35,79536;-5,254486;-4,43647
35,80946;-5,254486;-4,43647
35,8232;-5,254486;-4,43647
35,85428;-5,254486;-4,43647
35,8656;-5,254486;-4,43647
35,87927;-5,254486;-4,43647
35,88963;-3,144182;-5,689169
35,90191;-3,144182;-5,689169
35,91665;-3,144182;-5,689169
35,93122;-3,144182;-5,689169
35,94559;-3,144182;-5,689169
35,95957;-3,144182;-5,689169
35,97456;-3,144182;-5,689169
35,98881;-3,144182;-5,689169
36,00321;-3,144182;-5,689169
36,01718;-3,144182;-5,689169
36,0315;-3,144182;-5,689169
36,04569;-3,144182;-5,689169
36,05932;-3,144182;-5,689169
36,07355;-3,144182;-5,689169
36,08772;-3,144182;-5,689169
36,10148;-3,144182;-5,689169
36,11571;-3,144182;-5,689169
36,12994;-3,144182;-5,689169
36,14379;-3,144182;-5,689169
36,15773;-3,144182;-5,689169
36,1717;-3,144182;-5,689169
36,18595;-3,144182;-5,689169
36,19929;-3,144182;-5,689169
36,21351;-3,144182;-5,689169
36,22763;-3,144182;-5,689169
36,24112;-3,144182;-5,689169
36,25512;-3,144182;-5,689169
36,26913;-3,144182;-5,689169
36,28277;-3,144182;-5,689169
36,29686;-3,144182;-5,689169
36,311;-3,144182;-5,689169
36,32476;-3,144182;-5,689169
36,33836;-3,144182;-5,689169
36,35259;-3,144182;-5,689169
36,36657;-3,144182;-5,689169
36,39575;-3,144182;-5,689169
36,40856;-3,144182;-5,689169
36,41849;-3,144182;-5,689169
36,43154;-3,144182;-5,689169
36,44632;-3,144182;-5,689169
36,46002;-3,144182;-5,689169
36,47485;-3,144182;-5,689169
36,48955;-3,144182;-5,689169
36,50356;-3,144182;-5,689169
36,518;-3,144182;-5,689169
36,53246;-3,144182;-5,689169
36,54657;-3,144182;-5,689169
36,55997;-3,144182;-5,689169
36,57473;-3,144182;-5,689169
36,5885;-3,144182;-5,689169
36,60213;-3,144182;-5,689169
36,61643;-3,144182;-5,689169
36,63052;-3,144182;-5,689169
36,6446;-3,144182;-5,689169
36,65803;-3,144182;-5,689169
36,67216;-3,144182;-5,689169
36,68636;-3,144182;-5,689169
36,69975;-3,144182;-5,689169
36,7139;-3,144182;-5,689169
36,72817;-3,144182;-5,689169
36,74169;-3,144182;-5,689169
36,75568;-3,144182;-5,689169
36,77004;-3,144182;-5,689169
36,78366;-3,144182;-5,689169
36,79764;-3,144182;-5,689169
36,82597;-3,144182;-5,689169
36,82887;-3,144182;-5,689169
36,84989;-3,144182;-5,689169
36,86176;-3,144182;-5,689169
36,8757;-3,144182;-5,689169
36,87827;-3,144182;-5,689169
36,88947;-3,144182;-5,689169
36,90354;-3,144182;-5,689169
36,9176;-3,144182;-5,689169
36,93249;-3,144182;-5,689169
36,94535;-3,144182;-5,689169
36,95917;-3,144182;-5,689169
36,97309;-3,144182;-5,689169
36,98728;-3,144182;-5,689169
37,00112;-3,144182;-5,689169
37,01583;-3,144182;-5,689169
37,03055;-3,144182;-5,689169
37,04522;-3,144182;-5,689169
37,05894;-3,144182;-5,689169
37,07343;-3,144182;-5,689169
37,08761;-3,144182;-5,689169
37,10164;-3,144182;-5,689169
37,11622;-3,144182;-5,689169
37,13056;-3,144182;-5,689169
37,14451;-3,144182;-5,689169
37,15828;-3,144182;-5,689169
37,17263;-3,144182;-5,689169
37,18666;-3,144182;-5,689169
37,20052;-3,144182;-5,689169
37,21482;-3,144182;-5,689169
37,22864;-3,144182;-5,689169
37,24255;-3,144182;-5,689169
37,25669;-3,144182;-5,689169
37,27069;-3,144182;-5,689169
37,28447;-3,144182;-5,689169
37,29835;-3,144182;-5,689169
37,31252;-3,144182;-5,689169
37,32663;-3,144182;-5,689169
37,34011;-3,144182;-5,689169
37,35416;-3,144182;-5,689169
37,36802;-3,144182;-5,689169
37,39716;-3,144182;-5,689169
37,40014;-3,144182;-5,689169
37,41878;-3,144182;-5,689169
37,43284;-3,144182;-5,689169
37,43522;-3,144182;-5,689169
37,4466;-3,144182;-5,689169
37,46032;-3,144182;-5,689169
37,47974;-3,144182;-5,689169
37,4882;-3,144182;-5,689169
37,50235;-3,144182;-5,689169
37,51626;-3,144182;-5,689169
37,53014;0,06088519;-4,567774
37,5438;-0,03911481;-4,567774
37,5576;-0,03911481;-4,567774
37,57216;-0,03911481;-4,567774
37,58666;-0,03911481;-4,567774
37,60114;-0,03911481;-4,567774
37,61594;-0,03911481;-4,567774
37,63086;-0,03911481;-4,567774
37,64558;-0,03911481;-4,567774
37,65938;-0,03911481;-4,567774
37,67423;-0,03911481;-4,567774
37,68826;-0,03911481;-4,567774
37,7021;-0,03911481;-4,567774
37,71647;-0,03911481;-4,567774
37,73076;-0,03911481;-4,567774
37,74485;-0,03911481;-4,567774
37,75845;-0,03911481;-4,567774
37,77293;-0,03911481;-4,567774
37,78688;-0,03911481;-4,567774
37,8006;-0,03911481;-4,567774
37,81517;-0,03911481;-4,567774
37,82896;-0,03911481;-4,567774
37,84284;-0,03911481;-4,567774
37,85719;-0,03911481;-4,567774
37,87102;-0,03911481;-4,567774
37,88493;-0,03911481;-4,567774
37,89886;-0,03911481;-4,567774
37,91304;-0,03911481;-4,567774
37,9269;-0,03911481;-4,567774
37,94058;-0,03911481;-4,567774
37,95488;-0,03911481;-4,567774
37,96886;-0,03911481;-4,567774
37,98258;-0,03911481;-4,567774
37,99675;-0,03911481;-4,567774
38,01066;-0,03911481;-4,567774
38,0245;-0,03911481;-4,567774
38,03801;-0,03911481;-4,567774
38,05217;-0,03911481;-4,567774
38,06625;-0,03911481;-4,567774
38,08001;-0,03911481;-4,567774
38,09402;-0,03911481;-4,567774
38,10791;-0,03911481;-4,567774
38,12127;-0,03911481;-4,567774
38,13542;-0,03911481;-4,567774
38,1492;-0,03911481;-4,567774
38,16291;-0,03911481;-4,567774
38,17694;-0,03911481;-4,567774
38,19086;-0,03911481;-4,567774
38,20473;-0,03911481;-4,567774
38,21781;-0,03911481;-4,567774
38,23181;-0,03911481;-4,567774
38,24589;-0,03911481;-4,567774
38,25898;-0,03911481;-4,567774
38,27301;-0,03911481;-4,567774
38,28701;-0,03911481;-4,567774
38,30064;-0,03911481;-4,567774
38,31456;-0,03911481;-4,567774
38,32831;-0,03911481;-4,567774
38,34189;-0,03911481;-4,567774
38,35605;-0,03911481;-4,567774
38,36974;-0,03911481;-4,567774
38,38322;-0,03911481;-4,567774
38,39759;-0,03911481;-4,567774
38,41142;-0,03911481;-4,567774
38,42499;-0,03911481;-4,567774
38,43855;-0,03911481;-4,567774
38,4525;-0,03911481;-4,567774
38,46633;-0,03911481;-4,567774
38,47999;-0,03911481;-4,567774
38,49416;-0,03911481;-4,567774
38,50779;-0,03911481;-4,567774
38,52156;-0,03911481;-4,567774
38,53582;-0,03911481;-4,567774
38,5495;-0,03911481;-4,567774
38,56318;-0,03911481;-4,567774
38,57761;-0,03911481;-4,567774
38,59126;-0,03911481;-4,567774
38,60515;-0,03911481;-4,567774
38,61888;-0,03911481;-4,567774
38,63315;-0,03911481;-4,567774
38,64737;-0,03911481;-4,567774
38,661;-0,1391148;-4,567774
38,67561;-0,1391148;-4,567774
38,68965;-0,1391148;-4,567774
38,7035;-0,1391148;-4,567774
38,71766;-0,2391149;-4,567774
38,73164;-0,2391149;-4,567774
38,74567;-0,2391149;-4,567774
38,75897;-0,2391149;-4,567774
38,77295;-0,3391149;-4,567774
38,78725;-0,3391149;-4,567774
38,80104;-0,3391149;-4,567774
38,81567;-0,3391149;-4,567774
38,83001;-0,3391149;-4,567774
38,84361;-0,3391149;-4,567774
38,85804;-0,3391149;-4,567774
38,8724;-0,3391149;-4,567774
38,88648;-0,3391149;-4,567774
38,90017;-0,3391149;-4,567774
38,93084;-0,3391149;-4,567774
38,94347;-0,3391149;-4,567774
38,9522;-0,3391149;-4,567774
38,96576;-0,4355434;-2,471081
38,98018;-0,4355434;-2,471081
38,99501;-0,4355434;-2,471081
39,00986;-0,4355434;-2,471081
39,02358;-0,4355434;-2,471081
39,03819;-0,4355434;-2,471081
39,05239;-0,4355434;-2,471081
39,06651;-0,4355434;-2,471081
39,08047;-0,4355434;-2,471081
39,09462;-0,4355434;-2,471081
39,10848;-0,4355434;-2,471081
39,12243;-0,4355434;-2,471081
39,13667;-0,4355434;-2,471081
39,15072;-0,4355434;-2,471081
39,16475;-0,4355434;-2,471081
39,1784;-0,4355434;-2,471081
39,19226;-0,4355434;-2,471081
39,20636;-0,4355434;-2,471081
39,22005;-0,4355434;-2,471081
39,23434;-0,4355434;-2,471081
39,24839;-0,4355434;-2,471081
39,26222;-0,4355434;-2,471081
39,27613;-0,4355434;-2,471081
39,28981;-0,4355434;-2,471081
39,30354;-0,4355434;-2,471081
39,31794;-0,4355434;-2,471081
39,33191;-0,4355434;-2,471081
39,34595;-0,4355434;-2,471081
39,35931;-0,4355434;-2,471081
39,37342;-0,4355434;-2,471081
39,38729;-0,4355434;-2,471081
39,40085;-0,4355434;-2,471081
39,4151;-0,4355434;-2,471081
39,42933;-0,4355434;-2,471081
39,44266;-0,4355434;-2,471081
39,4567;-0,4355434;-2,471081
39,47071;-0,4355434;-2,471081
39,48463;-0,4355434;-2,471081
39,49845;-0,4355434;-2,471081
39,51279;-0,4355434;-2,471081
39,54222;-0,4355434;-2,471081
39,55421;-0,4355434;-2,471081
39,56823;-0,4355434;-2,471081
39,57887;-0,4355434;-2,471081
39,59131;-0,4355434;-2,471081
39,6058;-0,4355434;-2,471081
39,62017;-0,4355434;-2,471081
39,63454;-0,4355434;-2,471081
39,64902;-0,4355434;-2,471081
39,66311;-0,4355434;-2,471081
39,67827;-0,4355434;-2,471081
39,69198;-0,4355434;-2,471081
39,70639;-0,4355434;-2,471081
39,72;-0,4355434;-2,471081
39,73423;-0,4355434;-2,471081
39,74864;-0,4355434;-2,471081
39,76251;-0,4355434;-2,471081
39,77637;-0,4355434;-2,471081
39,79058;-0,4355434;-2,471081
39,80444;-0,4355434;-2,471081
39,81799;-0,4355434;-2,471081
39,83232;-0,4355434;-2,471081
39,84673;-0,4355434;-2,471081
39,85995;-0,4355434;-2,471081
39,87393;-0,4355434;-2,471081
39,88792;-0,4355434;-2,471081
39,90176;-0,4355434;-2,471081
39,91587;-0,4355434;-2,471081
39,93019;-0,4355434;-2,471081
39,94331;-0,4355434;-2,471081
39,95736;-0,4355434;-2,471081
39,97153;-0,4355434;-2,471081
39,98528;-0,4355434;-2,471081
39,99907;-0,4355434;-2,471081
40,01342;-0,4355434;-2,471081
40,02709;-0,4355434;-2,471081
40,04091;-0,4355434;-2,471081
40,05528;-0,4355434;-2,471081
40,06896;-0,4355434;-2,471081
40,08255;-0,4355434;-2,471081
40,11104;-0,4355434;-2,471081
40,11383;-0,4355434;-2,471081
40,13383;6,693113;-1,088056
40,14847;6,693113;-1,088056
